t,raw,low,mid,high
0.0,0.13637022900947662,0.13637022900947662,0.0,0.0
0.13348164627363737,0.18918198462760882,0.1627761068185427,0.0,0.026405877809066114
0.26696329254727474,0.18923229838202932,0.17159483733970493,0.0,0.017637461042324387
0.40044493882091214,0.18589448441058676,0.1751697491074254,0.0,0.01072473530316137
0.5339265850945495,0.244695626149864,0.1890749245159131,0.0,0.055620701633950914
0.6674082313681868,0.24389940791700293,0.19821233841609476,0.0,0.04568706950090817
0.8008898776418243,0.3369980395541695,0.21803886715010543,0.0,0.11895917240406409
0.9343715239154616,0.4421699787242414,0.24605525609687243,0.015669289583913698,0.18044543304345528
1.067853170189099,0.358793760710191,0.25858175660946336,0.027373042797405933,0.07283896130332168
1.2013348164627364,0.3757129121272034,0.2702948721612374,0.04230001492351387,0.06311802504245217
1.3348164627363737,0.4648596749667141,0.2879825815071898,0.06446447565700825,0.11241261780251605
1.4682981090100111,0.47721215905822684,0.3037517129697762,0.08191199175275937,0.09154845433569125
1.6017797552836486,0.48016969268968585,0.31732232679438466,0.10209427575281993,0.06075309014248126
1.7352614015572858,0.4337183216641644,0.3256363264279404,0.10759745927783487,0.000484535958389154
1.8687430478309233,0.5011141762150549,0.33733484974708133,0.10431953560023877,0.05945979086773484
2.0022246941045605,0.555523662526461,0.35097165054579255,0.11878700648956608,0.08576500549110239
2.135706340378198,0.44172030653888866,0.3563098067806805,0.12287847802777607,-0.037467978269567936
2.2691879866518354,0.5011594413320805,0.36435700870020277,0.12001695701759185,0.01678547561428584
2.402669632925473,0.41853063590974143,0.3672082522375469,0.10878263874474986,-0.05746025507255531
2.53615127919911,0.45705642537086155,0.37170066089421266,0.1009883347568234,-0.015632570280174507
2.6696329254727473,0.4237012970672984,0.3741768816643596,0.09708111047283852,-0.04755669506989968
2.803114571746385,0.5179640864367119,0.3807126636994665,0.09295245846939687,0.04429896426784852
2.9365962180200222,0.45212820452933145,0.3838176872138085,0.07507665524117924,-0.006766137925656279
3.0700778642936597,0.5389675170255142,0.39028226345596284,0.08250453763997134,0.06618071592957997
3.203559510567297,0.525208119135617,0.395679297683149,0.08054302881329045,0.04898579263917757
3.337041156840934,0.4964877190703531,0.39955654465958,0.08780250800266104,0.009128666408112052
3.4705228031145716,0.3475900614823133,0.397631860097459,0.07408914058070382,-0.1241309391958495
3.604004449388209,0.45636521185862283,0.3997294798032148,0.07665779441656567,-0.020022062361157666
3.7374860956618465,0.47527658724071137,0.40233455247347333,0.06795450757545002,0.0049875271917880215
3.870967741935484,0.47410252320216645,0.40472681816442974,0.06870143026632719,0.0006742747714095221
4.004449388209121,0.3644355825945868,0.41232899661726674,0.03616611832335764,-0.08405953234603758
4.137931034482759,0.4165388737377773,0.4199075595876057,0.013063377439041568,-0.01643206328886998
4.271412680756396,0.37566255719130487,0.4261219015479149,-0.010411701932560247,-0.04004764242404979
4.404894327030033,0.3753989672313166,0.43243871764193925,-0.012755817205298392,-0.044283933205324255
4.538375973303671,0.4776865315089087,0.4402050811539074,-0.01747627791008277,0.054957728265084105
4.671857619577308,0.35637717909664923,0.44395434019322894,-0.03821116668427038,-0.04936599441230932
4.805339265850946,0.39449450099177263,0.44587088890781573,-0.05150029000034201,0.00012390208429891025
4.938820912124583,0.4420520041846607,0.44586695642316304,-0.040408297288535844,0.03659334505003348
5.07230255839822,0.34752639683615216,0.44549137762736174,-0.049891643764395255,-0.04807333702681432
5.205784204671858,0.3704672218483379,0.44531652128473287,-0.05045897818504752,-0.024390321251347435
5.339265850945495,0.3795360201764715,0.4424723994583914,-0.047023848795112455,-0.015912530486807464
5.472747497219133,0.3736010401291523,0.43901869549408895,-0.058439500742203776,-0.0069781546227328795
5.60622914349277,0.2942555391447878,0.4328215570425924,-0.061116882283830276,-0.07744913561397432
5.739710789766407,0.3713993701147254,0.43074425865761107,-0.06233888830985568,0.0029939997669700125
5.8731924360400445,0.44846587061699633,0.42898931513767574,-0.059667678156729576,0.07914423363605017
6.0066740823136815,0.275171564051302,0.4196442451885038,-0.060659012891107644,-0.08381366824609415
6.140155728587319,0.42149019606114724,0.4189699081725791,-0.05269567955906729,0.055215967447635406
6.273637374860956,0.37976543932139584,0.41492344143888965,-0.04861643866181725,0.013458436544323438
6.407119021134594,0.33741347964823815,0.4122195362301728,-0.051082184950373866,-0.02372387163156081
6.540600667408231,0.49970135075719446,0.41364103374305056,-0.023154280804336402,0.10921459781848031
6.674082313681868,0.4295088300433375,0.4138346181755852,-0.015046513818497809,0.030720725686250117
6.807563959955506,0.3160712191133483,0.40710485593147305,-0.027230273217764,-0.06380336360036076
6.941045606229143,0.3967432826632135,0.4052586918692692,-0.008016720782429931,-0.0004986884236257705
7.074527252502781,0.4309326254364536,0.4016575288163005,-0.0030666392472746273,0.03234173586742772
7.208008898776418,0.38870479520543866,0.39710741801862787,0.0027605223909756282,-0.011163145204164837
7.341490545050055,0.4441772141300977,0.39536373452061935,0.019756167957821202,0.029057311651657147
7.474972191323693,0.4016871238044899,0.3971669699313586,0.003950900125267054,0.0005692537478642623
7.60845383759733,0.44733578531191887,0.39686598904646847,0.0067985889056687565,0.04367120735978164
7.741935483870968,0.49423569979935134,0.3974979594650898,0.031618687156476366,0.06511905317778516
7.875417130144605,0.36687557560951845,0.39392372787866825,0.03092610344951291,-0.057974255718662715
8.008898776418242,0.41784487749388205,0.39570403770864465,0.027276115342026397,-0.0051352755567889985
8.142380422691879,0.37475031425092875,0.3943110857257498,0.026675570045705477,-0.046236341520526525
8.275862068965518,0.4056485215827927,0.3953106178721327,0.02017193896399333,-0.009834035253333318
8.409343715239155,0.32075770186018104,0.39348924235976146,0.010431968484320375,-0.08316350898390079
8.542825361512792,0.3496860648167292,0.3892225601366889,0.0007486906366516166,-0.04028518595661129
8.676307007786429,0.36359313271517957,0.3894630919239732,-0.018155065019800076,-0.007714894188993571
8.809788654060066,0.41868969476524065,0.3902695983830888,-0.011559554456669618,0.03997965083882149
8.943270300333705,0.42139111699765835,0.38958090214352203,-0.010364252573706267,0.04217446742784259
9.076751946607342,0.2597560540184536,0.38665522404959873,-0.02386632594156507,-0.10303284408958008
9.210233592880979,0.27663995464047564,0.38352764847600335,-0.039168545645443587,-0.06771914819008412
9.343715239154616,0.3470521905238709,0.38244485415425,-0.03432939580030597,-0.0010632678300731557
9.477196885428253,0.17151070142863314,0.3757085095308994,-0.053046674518112014,-0.15115113358415425
9.610678531701891,0.2451320625562554,0.3740710603112816,-0.06833223532119764,-0.06060676243382859
9.744160177975528,0.24816846767676337,0.3699633635633495,-0.08858471387161948,-0.03321018201496667
9.877641824249165,0.30991215270018435,0.36534490629945576,-0.09989182293593629,0.04445906933666488
10.011123470522802,0.2559424370429911,0.3647039353991788,-0.09979565446072536,-0.008965843895462344
10.14460511679644,0.17484457844169393,0.35648241481186366,-0.10611633047323621,-0.07552150589693352
10.278086763070078,0.15229399357074205,0.3489000332868419,-0.12635654851294711,-0.07024949120315271
10.411568409343715,0.13958575619787073,0.3423057758384963,-0.12432299752613904,-0.07839702211448654
10.545050055617352,0.226684804541326,0.33320522429796734,-0.1178577685591714,0.011337348802530067
10.67853170189099,0.09098263693994739,0.3219210178611877,-0.12902868079907978,-0.10190970012216054
10.812013348164626,0.08077584852798175,0.31407783884167545,-0.15391925951845362,-0.07938273079524008
10.945494994438265,0.10364590566941062,0.30430792627521536,-0.16590599429107644,-0.034756026314728294
11.078976640711902,0.06011053145868141,0.29194718980928963,-0.1699358359655811,-0.06190082238502714
11.21245828698554,0.04195737928454925,0.28038894261192665,-0.1741399622376742,-0.0642916010897032
11.345939933259176,-0.024855735821318434,0.2647545109468794,-0.18199717228965398,-0.10761307447854386
11.479421579532813,0.03141480039134974,0.25241210016644144,-0.19755047638778406,-0.02344682338730765
11.612903225806452,-0.002318523743191171,0.23742362319793775,-0.19589073665972873,-0.043851410281400195
11.746384872080089,0.08865404341717166,0.2239042346518651,-0.18124589170091465,0.04599570046622122
11.879866518353726,0.05456583078797957,0.2134939098244805,-0.17784700614230592,0.018918927105804992
12.013348164627363,0.01301015459957329,0.19999941906133684,-0.17108114064474914,-0.01590812381701441
12.146829810901,0.05607854192872356,0.18937702665059666,-0.1584414392848412,0.025142954562968098
12.280311457174639,-0.0004325448762062187,0.17584099110196336,-0.1414163764583347,-0.034857159519834854
12.413793103448276,0.08954002952365175,0.1681337353574124,-0.12540551655202634,0.046811810718265685
12.547274749721913,0.03498544025456907,0.15764371453867373,-0.10958635801932193,-0.013071916264782747
12.68075639599555,0.08160253102200914,0.14824402781556806,-0.10119403020981088,0.03455253341625197
12.814238042269189,-0.0172470582905071,0.13371280271370978,-0.09692178926202213,-0.05403807174219475
12.947719688542826,0.09683016870177807,0.12289410443718045,-0.07412880325660641,0.048064867521204035
13.081201334816463,-0.007348119768092881,0.1139906319776289,-0.07428628246802864,-0.047052469277693146
13.2146829810901,-0.008314229860663477,0.10449215916092426,-0.0659137646491036,-0.046892624372484135
13.348164627363737,0.11718020098779894,0.09682975950972186,-0.05430276907445161,0.07465321055252869
13.481646273637375,0.10469657030809067,0.0946026218057038,-0.04211689850564474,0.052210847008031615
13.615127919911012,0.19318243690273745,0.09287096761725319,-0.024445257762804387,0.12475672704828865
13.74860956618465,0.343866871629711,0.09606091441568478,0.023952499713080902,0.22385345750094535
13.882091212458286,0.18609781433666564,0.09193376980356747,0.04083216513018213,0.05333187940291603
14.015572858731923,0.22613797619709278,0.09094028777537087,0.07518080372483384,0.06001688469688807
14.149054505005562,0.3039987690866756,0.09524542746353694,0.11549180674343053,0.09326153487970815
14.2825361512792,0.34965453181968975,0.10182411207183518,0.1421237408254024,0.10570667892245217
14.416017797552836,0.3379633675485391,0.10843669911685747,0.16883498195758703,0.06069168647409462
14.549499443826473,0.36452203006357425,0.11303127330093242,0.18871749251077446,0.06277326425186736
14.68298109010011,0.447001849731144,0.1248985803939723,0.1915837537179393,0.13051951561923242
14.816462736373749,0.46347222225061774,0.1376551261847268,0.2184521233434636,0.10736497272242734
14.949944382647386,0.3969436680610531,0.14743171826444826,0.23307634438716515,0.01643560540943967
15.083426028921023,0.479994108778764,0.16142783750845097,0.24422241652774646,0.07434385474256655
15.21690767519466,0.5115871830290535,0.17708216429993448,0.25170132562331493,0.0828036931058041
15.350389321468297,0.4697401440750889,0.19356869362981471,0.2540400500829418,0.02213140036233241
15.483870967741936,0.5708447906142148,0.2115496933039102,0.2655337304875093,0.09376136682279529
15.617352614015573,0.5246428025169044,0.2291150708459134,0.259059917629186,0.03646781404180499
15.75083426028921,0.6538686972747381,0.24795555930783228,0.2674189255992844,0.13849421236762138
15.884315906562847,0.6250551211024813,0.2669718689849824,0.280989966356624,0.07709328576087493
16.017797552836484,0.63530231910098,0.2877149411350292,0.2824337813954652,0.06515359657048558
16.15127919911012,0.6094545003584804,0.3061608064160211,0.27796896144724853,0.025324732495210722
16.284760845383758,0.6513249239203999,0.327886055375908,0.28218439532240625,0.04125447322208564
16.418242491657395,0.5507120166119605,0.34325845494551827,0.2639358851810451,-0.05648232351460292
16.551724137931036,0.6135158707860356,0.3625428026299005,0.25734769010653885,-0.006374621950403725
16.685205784204673,0.712780535353701,0.38358206944095685,0.24472440016390584,0.08447406574883831
16.81868743047831,0.5718082513482672,0.40321724642891604,0.21748252749677316,-0.04889152257742202
16.952169076751947,0.7578650291964936,0.42525174177873987,0.21295699073202273,0.11965629668573097
17.085650723025584,0.6090283966321455,0.4457976256587478,0.19235023489110992,-0.02911946391771225
17.21913236929922,0.7652598441960289,0.47158342812730425,0.18284084960478608,0.11083556646393855
17.352614015572858,0.6746872637677341,0.49016699688663545,0.1819680304391369,0.002552236441961786
17.486095661846495,0.777388282064886,0.5125900539451953,0.1829553178489841,0.08184291027070656
17.61957730812013,0.7435803496607982,0.5309366510371306,0.16900869422949127,0.043635004394176335
17.753058954393772,0.6486025758285879,0.5410945078437598,0.16982145520576508,-0.06231338722093693
17.88654060066741,0.8210348831617403,0.5622590768045956,0.15768115109710734,0.10109465526003736
18.020022246941046,0.8382084167959424,0.5826614248245574,0.17001880595768804,0.08552818601369694
18.153503893214683,0.7538784553403958,0.5976574143663479,0.1533969037222357,0.0028241372518121866
18.28698553948832,0.7481557714880044,0.6109407890219585,0.15060903016952087,-0.013394047703474965
18.420467185761957,0.7625345301657731,0.6250931611091997,0.13433469352526362,0.0031066755313098326
18.553948832035594,0.7220374011796632,0.6370103401464025,0.11933995041932721,-0.03431288938606647
18.68743047830923,0.8558601477425523,0.6506389500801163,0.13531956504475107,0.0699016326176849
18.82091212458287,0.7678225576604608,0.6607839612604443,0.11757279307852608,-0.010534196678509522
18.954393770856505,0.8088815090568441,0.6745152226269707,0.09965197346355703,0.03471431296631633
19.087875417130146,0.7770483109486903,0.6844170293659683,0.09306014609717284,-0.00042886451445078855
19.221357063403783,0.8009185481641693,0.6940614082038054,0.09095330678450231,0.015903833175861637
19.35483870967742,0.7767837022590933,0.7042961934766054,0.0827541175250337,-0.010266608742545813
19.488320355951057,0.9449231645619097,0.7167654726081953,0.10212566173376458,0.1260320302199498
19.621802002224694,0.8773297514725807,0.7285217042400514,0.09343651634905548,0.05537153088347391
19.75528364849833,0.9625444512488388,0.738810896039188,0.11096473791968708,0.11276881728996369
19.888765294771968,0.9242331110802499,0.7487834957051136,0.11747093854281954,0.05797867683231672
20.022246941045605,0.9013159839015987,0.7576506178651343,0.1263563410903572,0.0173090249461072
20.155728587319242,0.9434806585307477,0.768784823137543,0.13558815158460247,0.03910768380860219
20.28921023359288,0.9499605602629557,0.7787393443489616,0.15037318151659285,0.02084803439740124
20.42269187986652,1.0047570367566745,0.7938741783537855,0.14378604353959246,0.06709681486329655
20.556173526140157,1.0024900224502498,0.8068399834092592,0.14870027719521428,0.04694976184577626
20.689655172413794,1.0275581202947277,0.81733256957396,0.14749535803706915,0.0627301926836985
20.82313681868743,0.982999640961326,0.8310389492277288,0.14218419693773987,0.009776494795857293
20.956618464961068,1.0368658071824564,0.8403389751605942,0.15224843147356826,0.044278400548293906
21.090100111234705,1.2032715719129956,0.8601470810032892,0.16955331325690892,0.1735711776527975
21.22358175750834,1.0814841113556575,0.8706878899086102,0.17780158307911653,0.032994638367930706
21.35706340378198,1.0750151395724161,0.8840321524354328,0.17449419238311414,0.016488794753869218
21.490545050055616,1.1735778111140982,0.8972384700704067,0.18572898741440447,0.09061035362928704
21.624026696329253,1.2512396802152417,0.9141604477555547,0.20076151828932964,0.13631771417035732
21.757508342602893,1.0912409524029638,0.928915060308034,0.201469950228513,-0.039144058133583126
21.89098998887653,1.1757063831392833,0.9407374436406186,0.20948193488976097,0.02548700460890374
22.024471635150167,1.1579466366632132,0.9513953843028611,0.19234900347754946,0.014202248882802637
22.157953281423804,1.0956585240940924,0.9627880532613176,0.1829812506245836,-0.05011077979180878
22.29143492769744,1.2485662159544348,0.9794684014101986,0.19109391338741943,0.07800390115681677
22.42491657397108,1.2038428590156105,0.9941786790385265,0.1807072140307362,0.02895696594634778
22.558398220244715,1.2078947081128595,1.0103739226029664,0.15831983159452734,0.03920095391536571
22.691879866518352,1.1543856694443664,1.0203247733263603,0.1573896547341913,-0.02332875861618522
22.82536151279199,1.2202889290648642,1.0354069857065071,0.14867637748627005,0.03620556587208701
22.958843159065626,1.1517132326720854,1.046834709827015,0.13635816708131543,-0.03147964423624505
23.092324805339267,1.1642142428010247,1.0597402408887595,0.13324631012056143,-0.028772308208296238
23.225806451612904,1.092740409297658,1.0694676362598758,0.10125808522704816,-0.07798531218926597
23.35928809788654,1.0705545266077452,1.0792599970714976,0.07242453407144556,-0.08113000453519792
23.492769744160178,1.2059043927555777,1.0879593713446198,0.06344082903299753,0.05450419237796034
23.626251390433815,1.075717071358736,1.0945722820074915,0.04558954721503583,-0.06444475786379122
23.759733036707452,1.1023059530458548,1.0992309987340587,0.024076119628610115,-0.021001165316814063
23.89321468298109,1.0599199384626088,1.1037538929801374,0.006439897638320646,-0.05027385215584923
24.026696329254726,1.0113062061946252,1.1074202337232384,-0.019070448334266077,-0.07704357919434712
24.160177975528363,0.9820277014456965,1.1087051351537367,-0.03617145088647322,-0.09050598282156697
24.293659621802,1.0241711239149358,1.1111788206088027,-0.0452713367262263,-0.04173635996764058
24.42714126807564,0.9414797635359614,1.109069578168112,-0.08093704131690926,-0.08665277331524124
24.560622914349278,0.9233341572444707,1.1064310493279197,-0.10006750020732635,-0.08302939187612268
24.694104560622915,0.9064257250235126,1.102393302818879,-0.12401264341576324,-0.07195493437960321
24.82758620689655,0.9484345520369157,1.1012411331880654,-0.13878695756004855,-0.014019623591101094
24.96106785317019,0.8917384171727221,1.0964035535210743,-0.15103049061047225,-0.053634645737880016
25.094549499443826,0.8474635979643996,1.0845432877227876,-0.15839366816665645,-0.07868602159173155
25.228031145717463,0.7650423702291295,1.0739952296852369,-0.18486400351279242,-0.12408885594331498
25.3615127919911,0.6912364292157342,1.0612026060066808,-0.20782042759426878,-0.1621457491966778
25.494994438264737,0.807556646150188,1.0490019005078837,-0.212159366537512,-0.02928588782018371
25.628476084538377,0.786299725415458,1.0335039020145576,-0.21382222513105087,-0.033381951468048676
25.761957730812014,0.6990413658191956,1.0204305824617654,-0.23637650360936158,-0.08501271303320823
25.89543937708565,0.7207341413159778,1.0052648410676552,-0.24563994448050053,-0.03889075527117691
26.02892102335929,0.7175113717235163,0.9905836655696653,-0.24952337273120828,-0.02354892111494067
26.162402669632925,0.7046419540195965,0.9775497799005154,-0.24511811794913452,-0.02778970793178437
26.295884315906562,0.6959935538602305,0.9591306911640418,-0.22601943997773277,-0.0371176973260785
26.4293659621802,0.6011326960184352,0.9390403523974694,-0.2354182369442679,-0.1024894194347663
26.562847608453836,0.708947792167964,0.9224087885326395,-0.2298369492576514,0.016375952892975887
26.696329254727473,0.5346301545242982,0.9017502713686373,-0.23266574799292028,-0.13445436885141882
26.82981090100111,0.6542544176872431,0.8828824543227166,-0.22329503432253328,-0.005333002312940205
26.96329254727475,0.6269907163117013,0.8653917037773703,-0.21873580597887465,-0.019665181486794303
27.096774193548388,0.6461622698420607,0.8481233046787383,-0.20982164747703358,0.00786061264035598
27.230255839822025,0.7043509792562777,0.8351769903440256,-0.19568141522859983,0.06485540414085189
27.363737486095662,0.6798883934194654,0.8221547859044164,-0.17140839687455767,0.02914200438960668
27.4972191323693,0.5225234561167533,0.7993754213497888,-0.17526108032724597,-0.10159088490578949
27.630700778642936,0.491369852928505,0.7798971807354478,-0.1619628827980183,-0.1265644450089245
27.764182424916573,0.6440353821966964,0.7646214950404758,-0.1481470593159816,0.027560946472202197
27.89766407119021,0.5371536055779039,0.7471959506109856,-0.14355538784846245,-0.06648695718461928
28.031145717463847,0.6008627023640857,0.733514500483301,-0.1363453045033458,0.0036935063841304627
28.164627363737484,0.6558819141812364,0.7226429742411524,-0.13239793041477455,0.06563687035485855
28.298109010011125,0.5109196251560025,0.705534590949188,-0.13942794258901903,-0.05518702320416646
28.43159065628476,0.48697929494514236,0.6903845753294939,-0.12935566427955503,-0.07404961610479655
28.5650723025584,0.6329785974007407,0.6807060566680363,-0.09944732497920661,0.051719865711911006
28.698553948832036,0.6235782865482566,0.6712778087188611,-0.09294151926552285,0.045241997094918385
28.832035595105673,0.6091656351224426,0.659968844821712,-0.07134512257629666,0.020541912877027224
28.96551724137931,0.6285956343373807,0.6511974187272005,-0.058611849057028764,0.03601006466720902
29.098998887652947,0.5762769239304606,0.6421578629260692,-0.060944434720294094,-0.004936504275314557
29.232480533926584,0.5378792169043708,0.6345857578152441,-0.04952095935970202,-0.04718558155117125
29.36596218020022,0.618549627210397,0.6321628644150661,-0.02830230420734481,0.014689067002675693
29.499443826473858,0.5691292214860856,0.6242152835929294,-0.029476062801587433,-0.025609999305256426
29.632925472747498,0.5266946688514789,0.6155617817074633,-0.0346630777299467,-0.054204035126037775
29.766407119021135,0.6524944255651569,0.6140102170323287,-0.02692168584871013,0.06540589438153832
29.899888765294772,0.6143103880896358,0.6104627585914507,-0.025414976871795725,0.029262606369980793
30.03337041156841,0.6372532200060187,0.6077874868675341,-0.014028805708513725,0.043494538846998276
30.166852057842046,0.5474559510569228,0.6025479534354451,-0.007421167397488659,-0.04767083498103364
30.300333704115683,0.560447635342763,0.5980297561515294,-0.011203254666092066,-0.026378866142674373
30.43381535038932,0.5323727342717978,0.5957377574266415,-0.014162182686102254,-0.04920284046874146
30.567296996662957,0.5308882273027998,0.5898024385978027,-0.007627784078503397,-0.05128642721649945
30.700778642936594,0.5871081578401832,0.5915517053749988,-0.018717946244981465,0.014274398710165892
30.83426028921023,0.5193815082533043,0.5870559417272008,-0.027783451145230842,-0.039890982328665614
30.967741935483872,0.5785467796555195,0.5854411438386615,-0.03455528759247717,0.027660923409335125
31.10122358175751,0.5684154770774852,0.5828495840798422,-0.02896950983072044,0.014535402828363408
31.234705228031146,0.6605977606146498,0.5813911434584547,-0.013203908456206115,0.09241052561240126
31.368186874304783,0.44698093017632473,0.57362756135035,-0.017639155504597603,-0.10900747566942764
31.50166852057842,0.5758787870333475,0.5754060723809032,-0.012990443716501154,0.013463158368945405
31.635150166852057,0.5100814730885888,0.5760297930529059,-0.024617976495874494,-0.041330343468442665
31.768631813125694,0.5084349080172594,0.5715097772469248,-0.021661760723614032,-0.04141310850605129
31.90211345939933,0.41727437082037844,0.5675138027550072,-0.04070470177957386,-0.10953473015505488
32.03559510567297,0.47298215511155833,0.5632511178465897,-0.050075348580574386,-0.040193614154456936
32.169076751946605,0.5430138200954459,0.5594888480437299,-0.06311078456617236,0.046635756617888324
32.30255839822024,0.4929500864134758,0.5588898634189791,-0.05594477762182848,-0.009994999383674763
32.43604004449388,0.5040184991112507,0.5594578368911827,-0.06677850651147443,0.011339168731542504
32.569521690767516,0.4848602543583934,0.5545205587897711,-0.06544425965723372,-0.004216044774144001
32.70300333704115,0.5767079362389174,0.5529582137794598,-0.0541286249009712,0.07787834736042881
32.83648498331479,0.5133266433336696,0.549763580719834,-0.03721223862516099,0.0007753012389966063
32.969966629588434,0.39186638336615376,0.5418726056874598,-0.04090923098498733,-0.10909699133631867
33.10344827586207,0.4937577936602937,0.5391219680117876,-0.04519516851433697,-0.0001690058371568992
33.23692992213571,0.43065354453230725,0.5355477789327188,-0.05052048541829224,-0.054373748982119274
33.370411568409345,0.369270664000099,0.5272384801590422,-0.06146087737478012,-0.09650693878416305
33.50389321468298,0.5501444499275038,0.5266056544404228,-0.05150173800343083,0.07504053349051176
33.63737486095662,0.6814952067191339,0.5317656723693446,-0.04169214586375014,0.19142168021353945
33.770856507230256,0.6256675003655152,0.5308714415293566,-0.0247492211620699,0.1195452799982285
33.90433815350389,0.575543985241512,0.5295792281010858,0.0027826496769662867,0.04318210746345985
34.03781979977753,0.6140563355462894,0.5288059986190948,0.020741385142670987,0.06450895178452354
34.17130144605117,0.7643092930728536,0.5360344433529591,0.06117804734317045,0.16709680237672397
34.304783092324804,0.7330862485559465,0.5417890637933986,0.10739708183928065,0.08390010292326722
34.43826473859844,0.7546404844562682,0.5491979887995476,0.12920187605152655,0.07624061960519402
34.57174638487208,0.7774410574701208,0.5574164164717916,0.13468999848656638,0.08533464251176281
34.705228031145715,0.8123676132425214,0.5649250649852029,0.15385279466987012,0.09358975358744837
34.83870967741935,0.8880920994390005,0.5772154180247261,0.1862121722299882,0.12466450918428618
34.97219132369299,0.9026734994826889,0.5880196420189652,0.21663897165523482,0.09801488580848894
35.105672969966626,0.9120177149640587,0.5994730499485176,0.22628676685299742,0.0862578981625437
35.23915461624026,0.8656219015930389,0.6063071879811305,0.2383862935399692,0.02092842007193918
35.3726362625139,0.9873046722537875,0.6243179793837127,0.2536132432513183,0.1093734496187565
35.506117908787544,0.9431236440723558,0.6365594746183462,0.2650406889598611,0.04152348049414856
35.63959955506118,1.076226826848152,0.6554309864103317,0.2838633505401087,0.13693248989771167
35.77308120133482,0.9594223076275189,0.6704638997306737,0.2790204669609836,0.009937940935861644
35.906562847608456,1.05099916797812,0.6915880596359316,0.27908568826935864,0.08032542007282983
36.04004449388209,1.0806960565126125,0.7118451896826336,0.28292546415816444,0.08592540267181448
36.17352614015573,1.0216984471488353,0.7278013439177465,0.2892659592881651,0.004631143942923632
36.30700778642937,1.2225640175903552,0.7521218082903091,0.2985539728208265,0.17188823647921958
36.440489432703004,1.2228614398929474,0.776083239649699,0.3145550837215212,0.13222311652172714
36.57397107897664,1.1212545655173796,0.7972963833549985,0.2997744741118257,0.024183708050555364
36.70745272525028,1.20699053719713,0.8183058033869389,0.31413194401840105,0.07455278979178992
36.840934371523915,1.1927803648019346,0.8409542607692145,0.31173794332524196,0.040088160707478115
36.97441601779755,1.0203693162758032,0.8619043585328694,0.28216973981347127,-0.12370478207053748
37.10789766407119,1.1971017760928928,0.8853491579472893,0.2837825588196309,0.02797005932597263
37.241379310344826,1.1811106250226637,0.9103643939636347,0.25284540957932966,0.017900821479699403
37.37486095661846,1.1903865709836048,0.9377349241964181,0.22083561235949745,0.03181603442768921
37.5083426028921,1.1193654816789338,0.9567089585881325,0.20159170884800504,-0.03893518575720378
37.64182424916574,1.1644982523693037,0.9728090601098048,0.17942128092235754,0.012267911337141335
37.775305895439374,1.1648750180909486,0.990782644033986,0.15746121889660714,0.016631155160355515
37.90878754171301,1.2401488429466405,1.0129361392908236,0.16670479887846024,0.06050790477735668
38.04226918798665,1.1807681343174232,1.0318265325831948,0.14548102818959352,0.003460573544634915
38.17575083426029,1.1509328018157932,1.044713982874626,0.12828246029718082,-0.022063641356013575
38.30923248053393,1.2324791188817392,1.0613604118854858,0.11764925241462598,0.05346945458162744
38.442714126807566,1.0960055210291972,1.0727392464379166,0.10293328062651841,-0.0796670060352378
38.5761957730812,1.0938357106730023,1.083285734878013,0.08229214337266488,-0.07174216757767549
38.70967741935484,0.9955765889778783,1.089392700735858,0.05199968764152407,-0.14581579939950373
38.84315906562848,1.1858030277224159,1.0993163983453051,0.03431230214290193,0.052174327234208784
38.976640711902114,1.1364757504903236,1.1071098067122265,0.020191410372109253,0.00917453340598784
39.11012235817575,1.1206519956116145,1.1140642827338116,0.00891110489278435,-0.00232339201498144
39.24360400444939,1.0930375662662755,1.1216448048895862,-0.018589639065199393,-0.010017599558111323
39.377085650723025,1.0471701762196233,1.1236403216884474,-0.027561633693999887,-0.04890851177482425
39.51056729699666,1.0416855262379583,1.126925717760634,-0.038297056114049655,-0.04694313540862605
39.6440489432703,1.0024927428526658,1.1244679149607846,-0.034851231332087895,-0.08712394077603092
39.777530589543936,0.9950214258225225,1.1256545522339512,-0.06329238316238217,-0.06734074324904649
39.91101223581757,1.0009718773497591,1.1239869758796728,-0.08098250297104137,-0.04203259555887229
40.04449388209121,1.079814107675873,1.1239575775851145,-0.08678708866730345,0.042643618758061885
40.17797552836485,1.014790554564721,1.1237273144989774,-0.0977349701099599,-0.011201789824296648
40.311457174638484,0.9712574507364955,1.1153504289371823,-0.10020275961718283,-0.04389021858350395
40.44493882091212,0.9342813742059122,1.105731093414281,-0.10592687438457393,-0.06552284482379489
40.57842046718576,0.9261590226174881,1.0992279086509513,-0.11032850679769823,-0.06274037923576503
40.711902113459395,1.0565171052824975,1.0942121275871302,-0.09652762866816655,0.058832606363533935
40.84538375973304,0.9876598470363092,1.0873747769949424,-0.09159199669218587,-0.008122933266447419
40.978865406006676,0.9589291938717137,1.0853267729148064,-0.10681326601264396,-0.01958431303044872
41.11234705228031,0.9323236694791446,1.0765008360276813,-0.10976831270917264,-0.034408853839364095
41.24582869855395,0.8852409569616749,1.0666385137589818,-0.11219406097973317,-0.06920349581757368
41.37931034482759,0.9467888072785218,1.0585185883021455,-0.10228735936966704,-0.0094424216539567
41.512791991101224,1.002406332228371,1.054619949987127,-0.08749624825309366,0.03528263049433766
41.64627363737486,0.9256244353977202,1.0466574894214073,-0.09823274052805653,-0.02280031349563061
41.7797552836485,0.9345617792803976,1.0389803814610559,-0.09814107081854961,-0.006277531362108624
41.913236929922135,0.9336058901259618,1.0287622830336998,-0.09154058721201519,-0.003615805695722729
42.04671857619577,0.9515879250166359,1.0211229427236737,-0.08114921039663336,0.011614192689595626
42.18020022246941,0.8468709216607584,1.0109875467185059,-0.07649524800588214,-0.08762137705186535
42.313681868743046,0.9248887722092688,1.0007345351627568,-0.0693708128885977,-0.006474950064890295
42.44716351501668,0.8832659657694086,0.993643216654097,-0.0792995467312182,-0.03107770415347022
42.58064516129032,0.9819220045203896,0.9899127597823434,-0.0675265799847975,0.05953582472284369
42.71412680756396,0.8755853829742559,0.985913052915556,-0.07195207259031611,-0.03837559735098395
42.847608453837594,0.9479479334374861,0.9779845497727249,-0.0619747061172673,0.0319380897820285
42.98109010011123,0.9947143179888698,0.9732591686893431,-0.05108841175213774,0.07254356105166437
43.11457174638487,0.8726835163915957,0.9649935527153425,-0.039135282245160385,-0.053174754078586406
43.248053392658505,0.8419145775427196,0.9566227864245573,-0.04261797233531095,-0.0720902365465268
43.38153503893215,0.8742165766784059,0.95085766643985,-0.03814562222074691,-0.038495467540697215
43.51501668520579,0.84551874034479,0.9443187735767444,-0.051092909954155497,-0.04770712327779891
43.64849833147942,0.7671229242766087,0.9364731129575425,-0.05874188629176036,-0.11060830238917352
43.78197997775306,0.8337102290892536,0.9310960730664336,-0.06968451845039891,-0.027701325526781062
43.9154616240267,0.9045680606816338,0.9278826125108295,-0.07934909465297124,0.05603454282377551
44.048943270300335,0.744075109864981,0.9166913125837997,-0.08653042422974355,-0.08608577848907506
44.18242491657397,0.7217565445325261,0.9069235122493932,-0.09392805718250752,-0.09123891053435951
44.31590656284761,0.6441659209590268,0.8960204612568109,-0.115889385578408,-0.1359651547193761
44.449388209121246,0.6976498920207431,0.8881327451839719,-0.12912579069471863,-0.06135706246851014
44.58286985539488,0.5742033875089108,0.8764008906803527,-0.14495387001505622,-0.15724363315638568
44.71635150166852,0.5521808207705223,0.8595896811966202,-0.16836114743399955,-0.13904771299209828
44.84983314794216,0.6642073799810565,0.8488079322947785,-0.1919166386322404,0.007316086318518433
44.983314794215794,0.5013987940782847,0.8335569189683307,-0.21133367041817785,-0.12082445447186818
45.11679644048943,0.5885968613330601,0.8220993586967946,-0.21889892203227979,-0.014603575331454732
45.25027808676307,0.5830879163324101,0.8120275906758191,-0.217552583243678,-0.011387091099731017
45.383759733036705,0.47525450302846534,0.7963097805341506,-0.23360554295804914,-0.0874497345476361
45.51724137931034,0.4613622124895101,0.7782749765428553,-0.23169090682666826,-0.08522185722667691
45.65072302558398,0.5143897899600133,0.7645671550282651,-0.22338180399929364,-0.026795561068958196
45.784204671857616,0.35541201020858915,0.7452621627258714,-0.24819043595010964,-0.14165971656717263
45.91768631813125,0.3026870270931854,0.7242315339581122,-0.25554720246593604,-0.1659973043989908
46.0511679644049,0.2294315593741599,0.700159655103363,-0.28278465246245826,-0.1879434432667448
46.184649610678534,0.286995212350903,0.681497131459701,-0.30642108653044015,-0.08808083257835791
46.31813125695217,0.3488056539839533,0.6622943608521905,-0.3052824372150028,-0.0082062696532344
46.45161290322581,0.29506351929860414,0.6426876126364971,-0.3094326451694388,-0.038191448168454156
46.585094549499445,0.16040946210005802,0.615303861222486,-0.3326175120211356,-0.12227688710129242
46.71857619577308,0.1472038003814659,0.5910244751360597,-0.3380821559100126,-0.10573851884458119
46.85205784204672,0.15211612677868597,0.5644967482474331,-0.33306455763774306,-0.07931606383100409
46.985539488320356,0.18607096397623143,0.5375419697803452,-0.3123041499417878,-0.03916685586232596
47.11902113459399,0.14476711596653158,0.5132780897661763,-0.3083585694111005,-0.06015240438854416
47.25250278086763,0.160914195532834,0.4905780770325135,-0.3125001935990262,-0.017163687900653285
47.38598442714127,0.1592240278899099,0.46674499207289694,-0.3080727502692231,0.0005517860862360724
47.519466073414904,0.11925248301097033,0.44253611682843624,-0.2897434434660606,-0.033540190351405264
47.65294771968854,0.13286336096001078,0.42139413138454973,-0.27065009222523917,-0.01788067819929981
47.78642936596218,0.14802405972019042,0.3985379257389142,-0.24837846758796017,-0.00213539843076363
47.919911012235815,0.1331052362444887,0.3728224982576761,-0.23022957263982816,-0.009487689373359254
48.05339265850945,0.17290783771727636,0.3537835891860859,-0.20717056046098867,0.026294808992179147
48.18687430478309,0.2613981894086438,0.3384383106819565,-0.17747042568888646,0.10043030441557374
48.320355951056726,0.1928481818971877,0.3233943860465619,-0.1576230504810236,0.02707684633164939
48.45383759733036,0.1704210455376101,0.3058200911637908,-0.13273896095158966,-0.002660084674591029
48.587319243604,0.07701596426342314,0.2892471770556079,-0.12414424637149071,-0.08808696642069402
48.720800889877644,0.21373824543475745,0.277965757877749,-0.10347508637726513,0.039247573934273555
48.85428253615128,0.08689598197709483,0.25872204461095033,-0.09083269514866554,-0.08099336748518995
48.98776418242492,0.13313473250512572,0.24644657589184502,-0.0842390986027246,-0.029072744783994686
49.121245828698555,0.2834635846051599,0.23627546666758165,-0.07091579006467325,0.11810390800225151
49.25472747497219,0.28938133040635067,0.226485247136713,-0.04733512074678131,0.11023120401641898
49.38820912124583,0.2529356374879768,0.2190746182853634,-0.028136693045379302,0.06199771224799272
49.521690767519466,0.17415494247281138,0.2095010426181401,-0.004686120491100565,-0.030659979654228148
49.6551724137931,0.269003035863895,0.20132148414826948,0.01138840804007546,0.05629314367555008
49.78865406006674,0.26461083591335516,0.19829477833842837,0.039802950126525155,0.02651310744840163
49.92213570634038,0.3569525031157148,0.20010362753917932,0.06996806815585838,0.08688080742067711
50.055617352614014,0.46681836902319657,0.2080165211941472,0.08824871513203858,0.17055313269701078
50.18909899888765,0.35605708764314753,0.21031858370388873,0.09547176079898234,0.05026674314027646
50.32258064516129,0.3069327517917779,0.20892282029748285,0.10458139767735977,-0.0065714661830647
50.456062291434925,0.29298296705166266,0.20885346855591816,0.1216261815016175,-0.037496683005873
50.58954393770856,0.36818339992467186,0.21577926648340526,0.12886900701138423,0.02353512642988237
50.7230255839822,0.36804019969011653,0.2231404797936936,0.13628341709777608,0.008616302798646835
50.856507230255836,0.3154022918982571,0.228583351964346,0.12490480046748684,-0.038085860533575766
50.98998887652947,0.3960722474260893,0.23558339474600795,0.1077981688862382,0.052690683793843174
51.12347052280311,0.32341371921064577,0.24153828152081175,0.09717994376393413,-0.01530450607410011
51.256952169076754,0.46140351288193227,0.251554592099115,0.10923088476993859,0.10061803601287866
51.39043381535039,0.45954793612381795,0.2615653890402453,0.12301508341054485,0.07496746367302781
51.52391546162403,0.46098147349096646,0.2729563553895785,0.12488098471353942,0.06314413338784852
51.657397107897665,0.36666729379046564,0.2807498198172603,0.11689139087162176,-0.030973916898416443
51.7908787541713,0.42442902520539877,0.2899633186667672,0.1232531396374208,0.011212566901210752
51.92436040044494,0.38345588737191816,0.2983083403710149,0.11310578078257727,-0.027958233781674002
52.05784204671858,0.3654013392714864,0.3047247904228219,0.11268756216803322,-0.05201101331936875
52.19132369299221,0.3654210814496814,0.3081922201575232,0.0955083565144389,-0.03827949522228069
52.32480533926585,0.3046847454402436,0.3119201056089584,0.06965715810820738,-0.07689251827692217
52.45828698553949,0.2929635605788725,0.3160048561103338,0.041569848619390004,-0.06461114415085129
52.591768631813125,0.424384228393694,0.3275837982480095,0.03823618285360403,0.058564247292080485
52.72525027808676,0.36275341889395996,0.3325509706966495,0.024458209503329942,0.005744238693980497
52.8587319243604,0.38525224947148123,0.3424961796131291,0.01476962374393076,0.02798644611442136
52.992213570634036,0.43110233530466074,0.3524284330397803,0.01422322689344735,0.06445067537143312
53.12569521690767,0.26658444291984995,0.35186579498360326,0.0006663451596484737,-0.08594769722340179
53.25917686318131,0.3240697116032003,0.35302207435683164,0.00227934666684243,-0.031231709420473763
53.39265850945495,0.38327227253948143,0.35736662885854836,0.010836036730926979,0.015069606950006087
53.526140155728584,0.39910144610276094,0.3648648456462134,-0.00027400609829991707,0.034510606554847445
53.65962180200222,0.35704356180441843,0.3677995298442308,-0.004024384166251838,-0.006731583873560543
53.79310344827586,0.446838372418863,0.3738737810610811,-0.0013006178191904416,0.07426520917697232
53.9265850945495,0.40449443797973694,0.3754585122232152,-0.0066864771705993364,0.03572240292712109
54.06006674082314,0.3272273430176702,0.37080547802303093,0.006629828472130672,-0.0502079634774914
54.193548387096776,0.3537093289614393,0.37072721940030734,0.010942318146031305,-0.027960208584899338
54.32703003337041,0.46873845004085907,0.37612074267527673,0.017758248799830123,0.07485945856575221
54.46051167964405,0.46036601462052834,0.38170017759423897,0.020930895097691804,0.05773494192859757
54.59399332591769,0.3319065210209792,0.38049094829744917,0.018549118568276013,-0.06713354584474601
54.727474972191324,0.5411096340780367,0.3862599294437132,0.026247460516179655,0.12860224411814386
54.86095661846496,0.5114808159045099,0.3927958802439216,0.03499527799093882,0.08368965766964948
54.9944382647386,0.5723605904487487,0.39867215834467695,0.06413803523748035,0.10955039686659135
55.127919911012235,0.4855419693198128,0.40407643334831583,0.07756699457075195,0.003898541400745026
55.26140155728587,0.5080873569890597,0.40563256148522003,0.0816321388550193,0.02082265664882038
55.39488320355951,0.47577436435981885,0.4061734424264201,0.08329245073371783,-0.013691528800319097
55.528364849833146,0.7131693160058405,0.41457970384358256,0.12935230288582134,0.16923730927643665
55.66184649610678,0.5678624802226958,0.4212862100579902,0.12646763183493642,0.02010863832976917
55.79532814238042,0.6907013641820824,0.43016195469054636,0.14319482267060485,0.11734458682093118
55.92880978865406,0.5730711360963339,0.43648246298136023,0.13697582090087462,-0.00038714778590098753
56.062291434927694,0.637374592755225,0.4455482380974848,0.14960042056123757,0.04222593409650266
56.19577308120133,0.5418542533279894,0.45142934382676175,0.1485431571660934,-0.05811824766486573
56.32925472747497,0.6324964738160471,0.4623564014392885,0.16000497233302774,0.01013510004373086
56.462736373748605,0.7263638804946131,0.4768030787698132,0.14744323278661342,0.10211756893818646
56.59621802002225,0.6024481912121699,0.4827385441970958,0.14644858321497006,-0.02673893619989598
56.729699666295886,0.7502666912604935,0.4956556532759802,0.14204080657585855,0.11257023140865474
56.86318131256952,0.7125524790578001,0.5065656609288575,0.15105670506033364,0.054930113068608954
56.99666295884316,0.6339296266172318,0.5133265706392766,0.14380365733020128,-0.023200601352245998
57.1301446051168,0.6684623278830051,0.5267225001380483,0.14849459562500322,-0.006754767880046475
57.263626251390434,0.6706514835483286,0.5382752258695527,0.14239258556953904,-0.010016327890763121
57.39710789766407,0.6924345120258943,0.548580633852433,0.1272401249482703,0.016613753225190986
57.53058954393771,0.6579729753614517,0.5572096848277227,0.12654318599430647,-0.025779895460577462
57.664071190211345,0.6327448772941183,0.5663997286773795,0.10056431157802481,-0.03421916296128602
57.79755283648498,0.6538574755065069,0.5733003654469676,0.08527867430110903,-0.004721564241569776
57.93103448275862,0.5978119716415219,0.5797442832356938,0.07367509151585283,-0.05560740311002477
58.064516129032256,0.5669465509406193,0.587734923499792,0.051182197402842466,-0.07197056996201512
58.19799777530589,0.6240040770214862,0.5967447484351269,0.035508457249387226,-0.00824912866302796
58.33147942157953,0.6602352722061783,0.6031279758406375,0.024525338441059974,0.03258195792448082
58.46496106785317,0.4937911299768188,0.6042421463525139,-4.3381411478193854e-05,-0.11040763496421696
58.598442714126804,0.5621290294011116,0.611916229965185,-0.017805443294579004,-0.03198175726949437
58.73192436040044,0.49753199881014765,0.610463642122922,-0.03868506640893865,-0.07424657690383574
58.86540600667408,0.4509453499299476,0.6084457932571034,-0.05764816350191626,-0.09985227982523948
58.998887652947715,0.5324615007365093,0.6071158236000287,-0.061244629588285915,-0.013409693275233447
59.13236929922135,0.4206970155394028,0.6049543251406816,-0.08812699705495075,-0.09613031254632803
59.265850945494996,0.5112912816888197,0.6050611226306736,-0.10951150747599392,0.015741666534139998
59.39933259176863,0.3435120289613174,0.6006523781173903,-0.12657120596492505,-0.13056914319114782
59.53281423804227,0.3819370844563387,0.5896113037324068,-0.14127183800062348,-0.06640238127544457
59.66629588431591,0.31332195351632025,0.5811266195088611,-0.15910287453333882,-0.10870179145920206
59.799777530589544,0.24992588387758308,0.566434103498711,-0.17312742510209805,-0.1433807945190299
59.93325917686318,0.2988550296140954,0.5572935666159697,-0.19735924123684445,-0.061079295765029906
60.06674082313682,0.22315579266647537,0.543486273279678,-0.21177212259668515,-0.1085583580165175
60.200222469410456,0.23814259126773846,0.5333625512110031,-0.24066964201673607,-0.054550317926528535
60.33370411568409,0.16943051626864977,0.5179270192927565,-0.2501028976260135,-0.09839360539809325
60.46718576195773,0.07843119070044056,0.49632926296628405,-0.2718631261218122,-0.14603494614403129
60.60066740823137,0.10991488285740252,0.47991148602112516,-0.2845035021279273,-0.08549310103579537
60.734149054505004,0.09289406585849545,0.45799906517439193,-0.2850241981410637,-0.08008080117483278
60.86763070077864,0.12241126447494396,0.4383276913549634,-0.29055907648437107,-0.025357350395648348
61.00111234705228,-0.012869885571206989,0.4167677076153487,-0.30271704677871103,-0.12692054640784467
61.134593993325915,0.017288311115742278,0.39506190705643995,-0.3125618576700875,-0.06521173827061022
61.26807563959955,-0.10394511334066564,0.3692420204934735,-0.3257956324798803,-0.1473915013542588
61.40155728587319,0.01976835469438961,0.34681981524908995,-0.31175383237921833,-0.01529762817548199
61.535038932146826,-0.10131775978655144,0.32151012407748986,-0.3166202330138974,-0.1062076508501439
61.66852057842046,-0.16037075436744327,0.29507293635543785,-0.3263637338955509,-0.1290799568273302
61.80200222469411,-0.06961242096734659,0.27095727313964274,-0.3296800257429402,-0.01088966836404915
61.935483870967744,-0.012376922817058891,0.2506176433243567,-0.3092699726770616,0.046275406535645956
62.06896551724138,-0.18153039050555814,0.22566841194281745,-0.31272341295570805,-0.09447538949266751
62.20244716351502,-0.1654949147665291,0.19935177888321695,-0.29519960867123096,-0.06964708497851513
62.335928809788655,-0.1538948676866952,0.1722141075534545,-0.2928709691101949,-0.033238006129954825
62.46941045606229,-0.18523657072001276,0.1495798508635601,-0.2822251139822235,-0.05259130760134936
62.60289210233593,-0.10210985123406749,0.12743855484238747,-0.25176083179914005,0.0222124257226851
62.736373748609566,-0.1801326700146979,0.10484973254822597,-0.24496061651174303,-0.04002178605118084
62.8698553948832,-0.18137456957728654,0.08377240189798482,-0.2480258068272487,-0.017121164648022658
63.00333704115684,-0.10923074134106345,0.06238266049539906,-0.21630754411544942,0.04469414227898691
63.13681868743048,-0.19563181207605929,0.04183836624155032,-0.20006852090581928,-0.03740165741179033
63.270300333704114,-0.13050356471873698,0.020445204694631774,-0.17533374464919238,0.02438497523582364
63.40378197997775,-0.22118561392636388,0.001621949931709063,-0.161646067487177,-0.061161496370895935
63.53726362625139,-0.24248206385425447,-0.019192021678644044,-0.1608852691082792,-0.06240477306733125
63.670745272525025,-0.28729616204558855,-0.03921262553070767,-0.1561737355463428,-0.09190980096853807
63.80422691879866,-0.07360799434932398,-0.04999708813827124,-0.12999404790621316,0.1063831416951604
63.9377085650723,-0.21341744698875087,-0.0670728373583661,-0.12780211377864503,-0.018542495851739754
64.07119021134594,-0.1893956987654814,-0.08082455373943134,-0.11315952406749724,0.0045883790414471826
64.20467185761957,-0.2167100483890655,-0.09598630839465815,-0.11031298136517452,-0.010410758629232825
64.33815350389321,-0.21710670090674988,-0.1088708823005048,-0.096845705599383,-0.011390113006862074
64.47163515016685,-0.23665660716667328,-0.11937380889607525,-0.08551057090558668,-0.03177222736501134
64.60511679644048,-0.13916530808661343,-0.12767648192754247,-0.05604634730855154,0.04455752114948058
64.73859844271412,-0.33108924615952495,-0.1418092589948098,-0.07869660621417007,-0.11058338095054507
64.87208008898776,-0.37833561871885907,-0.15850082176793656,-0.08556478225963024,-0.13427001469129227
65.0055617352614,-0.3627195598495951,-0.17016247757721617,-0.09866367803379542,-0.0938934042385835
65.13904338153503,-0.40009681288703736,-0.18407531504397548,-0.11094894978103206,-0.10507254806202981
65.27252502780867,-0.2940038313513694,-0.1904106056443323,-0.11559896352990665,0.012005737822869511
65.4060066740823,-0.30907766289464284,-0.20137213956396668,-0.11498329471426791,0.007277771383591758
65.53948832035594,-0.43598751237959676,-0.2125277979837349,-0.14623080833635443,-0.07722890605950744
65.67296996662958,-0.4821135720279659,-0.22325255857241896,-0.1570809514431619,-0.10178006201238504
65.80645161290323,-0.4405513631411881,-0.23561718997821368,-0.15360428352627137,-0.05132988963670304
65.93993325917687,-0.35638411483991594,-0.24708409637897558,-0.1412323135526982,0.03193229509175782
66.0734149054505,-0.6294305776636915,-0.26201410261758,-0.15906427371075865,-0.20835220133535282
66.20689655172414,-0.4486788341431047,-0.2714535665967992,-0.1717212387017873,-0.005504028844518227
66.34037819799778,-0.5642513480431122,-0.28513211594201315,-0.19449607294921184,-0.08462315915188717
66.47385984427142,-0.4559166470968415,-0.29415478515457405,-0.18832042298197166,0.02655856103970422
66.60734149054505,-0.600645347406203,-0.3107726350269786,-0.1886356838778867,-0.1012370285013377
66.74082313681869,-0.5695252793296829,-0.32375238867081146,-0.19408077540383872,-0.0516921152550327
66.87430478309233,-0.6578152384429623,-0.3396337442996673,-0.2212610088611323,-0.09692048528216268
67.00778642936596,-0.6395392321060865,-0.35731069399183474,-0.20502815266073576,-0.07720038545351604
67.1412680756396,-0.5094786454698532,-0.36777225510496125,-0.20325227888000186,0.06154588851510989
67.27474972191324,-0.5532283519183118,-0.38186308134494695,-0.18758673890790178,0.01622146833453697
67.40823136818688,-0.6343732900861885,-0.39563600388360787,-0.1993076225105762,-0.0394296636920044
67.54171301446051,-0.6681573205661363,-0.40982517910733723,-0.19476301488112308,-0.063569126577676
67.67519466073415,-0.7330226156022766,-0.42468272755922687,-0.20326222875388955,-0.10507765928916013
67.80867630700779,-0.6441676841547308,-0.4437013838860737,-0.18229392181443815,-0.01817237845421893
67.94215795328142,-0.6212217454230514,-0.4572948605005504,-0.16608366138809932,0.002156776465598309
68.07563959955506,-0.6208792067052765,-0.47167764409854357,-0.16761524368088104,0.01841368107414809
68.2091212458287,-0.615591067133538,-0.48497367805669267,-0.16322816903919268,0.0326107799623474
68.34260289210233,-0.6690952776133494,-0.5000399639469126,-0.15312216708142434,-0.015933146585012437
68.47608453837597,-0.5953441508230181,-0.5119962154021241,-0.1307640342343388,0.047416098813444885
68.60956618464961,-0.5811147207496727,-0.5267278624908928,-0.09433125930948394,0.03994440105070396
68.74304783092325,-0.4867449178694714,-0.5319163848812243,-0.0666537703069725,0.1118252373187254
68.87652947719688,-0.4356519437711926,-0.5338269290496354,-0.03823325447401016,0.13640823975245292
69.01001112347052,-0.5376023682676785,-0.539656355996905,-0.020507136321369357,0.02256112405059585
69.14349276974416,-0.5555145934804508,-0.5448369486833521,-0.006744190255909777,-0.003933454541188985
69.2769744160178,-0.49220828472084693,-0.551443763795668,0.025132195269620627,0.03410328380520039
69.41045606229143,-0.5023684226409372,-0.5578867891205445,0.044857467477651514,0.01066089900195577
69.54393770856507,-0.487108740545266,-0.5595908300594,0.05999093415999379,0.012491155354140249
69.6774193548387,-0.422013719780414,-0.5575875016511483,0.06723491976446466,0.06833886210626966
69.81090100111234,-0.4565426871647334,-0.5581205457852665,0.06478357198521978,0.03679428663531331
69.94438264738598,-0.3327863204225539,-0.5573339526380211,0.09325641424442077,0.13129121797104643
70.07786429365962,-0.3505959805463407,-0.5480394660674428,0.11323601523585819,0.08420747028524389
70.21134593993325,-0.3048077923900836,-0.5432437646756754,0.13521181274848554,0.10322415953710623
70.34482758620689,-0.30670421726985625,-0.5346588603165668,0.15457893772810283,0.07337570531860776
70.47830923248053,-0.3159797661884818,-0.5299942976196215,0.17436137136784097,0.03965316006329872
70.61179087875416,-0.30674950227624276,-0.5201977694486228,0.1810311599831525,0.03241710718922758
70.7452725250278,-0.24274630747780954,-0.5093051370535604,0.2006808675433649,0.06587796203238597
70.87875417130144,-0.24136683308986176,-0.4954235235417903,0.19985918079340798,0.054197509658520576
71.01223581757509,-0.17579690878240029,-0.47996544609766745,0.20937239931556229,0.09479613799970488
71.14571746384873,-0.17308910465787994,-0.468752461403935,0.2169763700121447,0.07868698673391036
71.27919911012236,-0.23927820395236032,-0.4582874564717367,0.21614365269673147,0.002865599822644893
71.412680756396,-0.14005193425024168,-0.4418100779438718,0.22479882158861517,0.07695932210501494
71.54616240266964,-0.21308699521924762,-0.4266410670989755,0.22301016889471817,-0.009456097014990311
71.67964404894327,-0.1598857086893156,-0.4075365035352101,0.21574283372930905,0.03190796111658545
71.81312569521691,-0.13290881209225738,-0.39049454113312765,0.2141948743268844,0.04339085471398588
71.94660734149055,-0.2340813756090561,-0.37758986213932777,0.1929638429292765,-0.049455356399004835
72.08008898776419,-0.1003317967140877,-0.3602382818062882,0.1860061637310644,0.07390032136113608
72.21357063403782,-0.09490928029894227,-0.342882222245135,0.1892742361203995,0.0586987058257932
72.34705228031146,-0.11341040715921333,-0.32435939322999713,0.17455733954683714,0.036391646523946664
72.4805339265851,-0.13106758248470413,-0.30888350761872,0.17079851289763767,0.007017412236378223
72.61401557285873,-0.13130771365426439,-0.2938899407155397,0.15988751671375037,0.0026947103475249423
72.74749721913237,-0.1722367894431865,-0.28340633643466356,0.14378562995417007,-0.032616082962693
72.88097886540601,-0.1359004177188538,-0.27341461889958557,0.14781976354626383,-0.010305562365532067
73.01446051167964,-0.1601081138439834,-0.26083147708546245,0.12669714785644134,-0.025973784614962303
73.14794215795328,-0.12966988924530473,-0.24663665361095757,0.10753652310388467,0.009430241261768169
73.28142380422692,-0.21644530272060686,-0.23744455421094957,0.08362515290939188,-0.06262590141904917
73.41490545050056,-0.13970954620884013,-0.22535592499654633,0.0703019574486835,0.015344421339022696
73.54838709677419,-0.15533462722635918,-0.2142967878859161,0.055810404113468326,0.0031517565460885966
73.68186874304783,-0.18275382695297374,-0.20632145812500144,0.04633264042258403,-0.02276500925055633
73.81535038932147,-0.21101261208491598,-0.1981371222890075,0.02741799110572407,-0.04029348090163254
73.9488320355951,-0.1618135286622631,-0.19243802923033115,0.021475267358722044,0.00914923320934602
74.08231368186874,-0.30485191346792284,-0.1909132269943839,-0.005075538337599245,-0.1088631481359397
74.21579532814238,-0.18694589940193834,-0.1869844972281124,-0.004790067629775241,0.004828665455949288
74.34927697441601,-0.20902517547848645,-0.18372852916840007,-0.01794826844229419,-0.0073483778677921885
74.48275862068965,-0.21495450667976246,-0.18036102051810943,-0.029832902728785304,-0.0047605834328677266
74.61624026696329,-0.21652017703640233,-0.17735337634344805,-0.0376643112010793,-0.001502489491874981
74.74972191323693,-0.2854286272546964,-0.17877612033601095,-0.04687242651848503,-0.05978008040020044
74.88320355951056,-0.26753620170534753,-0.17964843262319383,-0.06110335323745708,-0.026784415844696624
75.0166852057842,-0.21853214675630034,-0.18107294055565717,-0.04734745006047625,0.009888243859833085
75.15016685205784,-0.23471655956679965,-0.18312718905262113,-0.05211758158706392,0.0005282110728853928
75.28364849833147,-0.25097070063119076,-0.18351693894191548,-0.0577200495767273,-0.009733712112547976
75.41713014460511,-0.35610074929558805,-0.1907185661100937,-0.070682171353667,-0.09470001183182736
75.55061179087875,-0.2339388391565718,-0.19141362757467117,-0.07247549019197091,0.029950278610070297
75.68409343715238,-0.19619166968902552,-0.19262382627466149,-0.05851715469688476,0.05494931128252073
75.81757508342602,-0.2052004907041467,-0.1950335488950578,-0.04720233050488831,0.03703538869579942
75.95105672969966,-0.2505569281357569,-0.1955827339792812,-0.05122811418915871,-0.0037460799673170175
76.0845383759733,-0.35637971394945994,-0.20411766455379357,-0.060073634240740664,-0.0921884151549257
76.21802002224693,-0.20436438763231718,-0.20776616813157275,-0.04976708594883669,0.05316886644809227
76.35150166852058,-0.26758055338449394,-0.21290517300574877,-0.03198233880164725,-0.022693041577097922
76.48498331479422,-0.40852701303433336,-0.22215382069073641,-0.04767485881348266,-0.1386983335301143
76.61846496106786,-0.23195670797068313,-0.2255087871679504,-0.049429183519362624,0.04298126271662989
76.7519466073415,-0.342501303139362,-0.23118427095782287,-0.06336810150594943,-0.047948930675589696
76.88542825361513,-0.32969605027389637,-0.23764412537632432,-0.06821383596432509,-0.02383808893324696
77.01890989988877,-0.2896903359543211,-0.2419635327800022,-0.054367374561341664,0.006640571387022787
77.1523915461624,-0.17584947164599413,-0.24350285219335854,-0.04875449572136775,0.11640787626873217
77.28587319243604,-0.2761748170766553,-0.24549383600522684,-0.04799126386552249,0.017310282794094023
77.41935483870968,-0.24065966097365382,-0.24885883983072063,-0.020645209745645904,0.02884438860271271
77.55283648498332,-0.15646904559611274,-0.24889665377637904,-0.009823444032191764,0.10225105221245806
77.68631813125695,-0.1717087484341424,-0.24852848449241802,0.01420732307030717,0.06261241298796844
77.81979977753059,-0.28125629185507445,-0.25086994048475664,0.023468744551048942,-0.05385509592136675
77.95328142380423,-0.29905875647631763,-0.25544478141189175,0.026705239689327392,-0.07031921475375327
78.08676307007786,-0.3716258403230047,-0.25767057897372786,0.000962984583019133,-0.11491824593229599
78.2202447163515,-0.3510042690440038,-0.26313919129513,-0.004258324805199887,-0.08360675294367387
78.35372636262514,-0.2991751662666614,-0.2661441909880692,-0.009612683011261836,-0.023418292267330387
78.48720800889878,-0.31832432546966205,-0.2695898516143992,-0.029289205224010295,-0.019445268631252566
78.62068965517241,-0.35482661444414815,-0.27420006619465737,-0.05083868578803863,-0.029787862461452153
78.75417130144605,-0.323090830816721,-0.2754554729800582,-0.05555964171144451,0.007924283874781668
78.88765294771969,-0.4523629201241688,-0.28161636359401887,-0.07129934590431969,-0.09944721062583023
79.02113459399332,-0.43444484970790864,-0.2888134536924058,-0.07307640000377619,-0.07255499601172666
79.15461624026696,-0.41397207603744357,-0.29478863757476065,-0.07609661712048416,-0.04308682134219877
79.2880978865406,-0.45113775464640304,-0.30146087270860106,-0.09113332318374967,-0.058543558754052316
79.42157953281423,-0.45168805748502894,-0.30464711631491576,-0.10699904129391591,-0.04004189987619727
79.55506117908787,-0.5231256061408324,-0.3142866752143911,-0.12140219549396697,-0.08743673543247432
79.68854282536151,-0.5975644194097419,-0.3276657668717483,-0.14723361649275563,-0.12266503604523799
79.82202447163515,-0.5901659738264398,-0.3404979496424914,-0.1540875842509084,-0.09558043993303994
79.95550611790878,-0.7055739462432792,-0.35566518357940885,-0.17765307839047245,-0.17225568427339788
80.08898776418242,-0.777699687237693,-0.3697091826890166,-0.21557016659518596,-0.19242033795349045
80.22246941045606,-0.6785614625770935,-0.38551575185384246,-0.23225269856331598,-0.060793012159935045
80.3559510567297,-0.7506940445201543,-0.4016195348916978,-0.25886405653047845,-0.09021045309797804
80.48943270300333,-0.7625365113892978,-0.41341985150353,-0.2812652978112843,-0.0678513620744835
80.62291434927697,-0.9159886227022995,-0.4362209153279172,-0.30395340588583386,-0.17581430148854849
80.7563959955506,-0.8683163274749478,-0.45374808280577006,-0.3261620032149106,-0.08840624145426712
80.88987764182424,-0.9136507633840679,-0.4732132399094425,-0.3364221057027795,-0.10401541777184597
81.02335928809788,-0.9595132082594536,-0.49554066898628013,-0.34006803677190767,-0.12390450250126583
81.15684093437152,-1.0715108069900185,-0.525396046831081,-0.36634827955752447,-0.1797664806014131
81.29032258064515,-0.9832131578615999,-0.5489639915239125,-0.37599735105632814,-0.058251815281359254
81.42380422691879,-0.9343863481537594,-0.5720882144299161,-0.377423104830962,0.015124971107118634
81.55728587319244,-0.9885137243712993,-0.5998230370557555,-0.36004901101497966,-0.028641676300564134
81.69076751946608,-1.0684988877836286,-0.6297160417007385,-0.35875351498552255,-0.08002933109736754
81.82424916573972,-1.0522208141013245,-0.6554148591089467,-0.3528504191083509,-0.0439555358840269
81.95773081201335,-1.0225470913744201,-0.6795311369388836,-0.3377389817234092,-0.005276972712127348
82.09121245828699,-1.247896359272128,-0.7087401542371875,-0.3337279004654069,-0.20542830456953354
82.22469410456063,-1.101723787940393,-0.7337641382004007,-0.32563400651344965,-0.04232564322654264
82.35817575083426,-1.0713049342627572,-0.7595017971336039,-0.3194561455958177,0.0076530084666643905
82.4916573971079,-1.0703064034742578,-0.7845678664004236,-0.3060747447722776,0.020336207698443465
82.62513904338154,-1.0142713215823058,-0.8065493566383622,-0.2763464593627215,0.06862449441877794
82.75862068965517,-1.0511134653696288,-0.8308167777901259,-0.25192084553500127,0.03162415795549833
82.89210233592881,-1.1012826812495526,-0.8524474364943053,-0.24153812824155518,-0.007297116513692137
83.02558398220245,-1.1007776722673066,-0.8746585305796185,-0.19831007886983876,-0.02780906281784934
83.15906562847609,-1.068718511822579,-0.8964834117724563,-0.17177015823159913,-0.00046494181852363425
83.29254727474972,-1.1436698844091469,-0.9195678160978813,-0.15902360392708692,-0.06507846438417864
83.42602892102336,-1.1076041384460675,-0.9414316854632492,-0.14248798241483485,-0.023684470567983507
83.559510567297,-1.0433922934234463,-0.9587739083726696,-0.12930589833986295,0.04468751328908627
83.69299221357063,-0.9717778550203323,-0.9712476895596893,-0.10549845853151507,0.10496829307087208
83.82647385984427,-1.089322122593598,-0.9878862278519278,-0.08715126900271164,-0.014284625738958612
83.95995550611791,-1.0724981556239823,-1.0001170348312847,-0.07088053107430858,-0.001500589718389067
84.09343715239154,-1.0470033001852728,-1.0090938219295373,-0.058801570885012255,0.020892092629276826
84.22691879866518,-0.9673288608224663,-1.01871940187105,-0.023984416145402365,0.07537495719398601
84.36040044493882,-1.0386354668846751,-1.0283174492832006,-0.0045337013673383275,-0.005784316234136222
84.49388209121246,-0.9376247904710908,-1.0341537252525936,0.016412217880962476,0.08011671690054034
84.62736373748609,-1.0730061106816229,-1.039387641518571,0.007184954766755514,-0.0408034239298074
84.76084538375973,-1.015803123594989,-1.0443038680559058,0.0226038954467489,0.005896849014167982
84.89432703003337,-1.0067266389176281,-1.0474063972403578,0.035102355589251344,0.005577402733478287
85.027808676307,-0.9385335839633513,-1.0467070764304875,0.04989870852536993,0.05827478394176633
85.16129032258064,-0.9146973538113468,-1.041479961324532,0.05219038013528854,0.07459222737789672
85.29477196885428,-1.0605600448749193,-1.0440581908916424,0.05163652713236411,-0.06813838111564097
85.42825361512791,-1.0184396354392489,-1.0468599671344923,0.04289332552261982,-0.014472993827376435
85.56173526140155,-0.9378639538417192,-1.0451716414501728,0.06051102224400118,0.04679666536445248
85.69521690767519,-0.9931637706938509,-1.0426604708805136,0.061234044945932986,-0.01173734475927024
85.82869855394883,-1.0415771327180186,-1.04230568150107,0.05590061359500509,-0.05517206481195358
85.96218020022246,-0.8855087825349595,-1.0377377378730879,0.05890764159965034,0.09332131373847807
86.0956618464961,-0.9167142235569515,-1.026698333349249,0.04758011282643937,0.06240399696585808
86.22914349276974,-0.9161756336941766,-1.020513394874375,0.062021518805956966,0.042316242374241364
86.36262513904337,-0.9744957770024362,-1.0172864229656975,0.06507224095968145,-0.02228159499642013
86.49610678531701,-0.885115458409537,-1.0111133914635402,0.0664347088049787,0.05956322424902449
86.62958843159065,-0.9626862289575369,-1.009393888376048,0.06906914025124566,-0.02236148083273448
86.7630700778643,-0.8843528523693458,-1.0038352012760385,0.08597106462961812,0.033511284277074616
86.89655172413794,-1.0069495859380564,-1.0006907647656553,0.06547794191879253,-0.07173676309119359
87.03003337041157,-1.0057058660872296,-0.9975217045596527,0.049595789922750044,-0.05777995145032688
87.16351501668521,-0.944313147039922,-0.9933748590668975,0.04142929966631703,0.00763241236065848
87.29699666295885,-1.0006206053491502,-0.9886065497648976,0.03292887202907224,-0.04494292761332486
87.43047830923248,-0.9194177908962772,-0.9823336715132379,0.021755660565021095,0.041160220051939644
87.56395995550612,-0.945205544097527,-0.9790607798690406,0.02098000961511093,0.012875226156402686
87.69744160177976,-1.0162864871357953,-0.980544400939556,0.0036159685761334437,-0.03935805477237275
87.8309232480534,-0.9557020089950654,-0.9760903971529383,0.0064830472099431935,0.013905340947929723
87.96440489432703,-0.979231496805464,-0.9729815085256543,0.007156211337197016,-0.01340619961700662
88.09788654060067,-0.9000603328764473,-0.9680834096153602,0.008579943021684966,0.05944313371722798
88.2313681868743,-0.988467973944147,-0.9687880467194161,0.011020670326455595,-0.03070059755118648
88.36484983314794,-0.9709104141557535,-0.9665305449617854,0.001407079531757005,-0.005786948725725161
88.49833147942158,-0.8643827628171812,-0.9640891440399885,0.010511790221437889,0.0891945910013694
88.63181312569522,-0.7936219859354128,-0.9547763398817816,0.03300820052042863,0.12814615342594016
88.76529477196885,-0.7972156827678254,-0.9474900918542094,0.04836285623960501,0.101911552846779
88.89877641824249,-0.9008972572887394,-0.9439624457999131,0.05602581583055499,-0.012960627319381302
89.03225806451613,-0.8774116719123274,-0.9419250487315457,0.057223941757061914,0.007289435062156402
89.16573971078977,-0.7827323335278609,-0.9375262147220961,0.08221591352136737,0.07257796767286784
89.2992213570634,-0.8647988147611373,-0.93100084038497,0.09084933909775783,-0.024647313473925125
89.43270300333704,-0.896978292087379,-0.9269521289399076,0.08214412347123878,-0.05217028661871015
89.56618464961068,-0.8110206517923135,-0.9227240188715942,0.07543048970908228,0.03627287737019835
89.69966629588431,-0.7692714313013105,-0.9152609408918428,0.0719594476531189,0.07403006193741346
89.83314794215795,-0.8232776050190306,-0.9079842899685432,0.07577131848263474,0.00893536646687787
89.96662958843159,-0.84846884971577,-0.906749625541237,0.078671342940551,-0.020390567115084024
90.10011123470522,-0.8112462324681992,-0.9032340258382784,0.07108232910325851,0.020905464266820717
90.23359288097886,-0.6598417989989631,-0.8946895646817714,0.09181744162706207,0.14303032405574623
90.3670745272525,-0.7195824167604962,-0.8861924526737066,0.10866259752283769,0.05794743839037275
90.50055617352614,-0.6566800840196617,-0.8785779401940441,0.12309673758212536,0.09880111859225704
90.63403781979977,-0.6095999383424371,-0.8668083971735409,0.1341374078414611,0.12307105098964266
90.76751946607341,-0.5596262682458891,-0.8559841777027589,0.1609776650525565,0.1353802444043133
90.90100111234705,-0.5917911803246028,-0.8421455641823105,0.1838072900165605,0.06654709384114721
91.03448275862068,-0.5174299896696886,-0.825869701635059,0.2095051764405249,0.09893453552484555
91.16796440489432,-0.5773742814148171,-0.8136384061142223,0.20905495486028058,0.02720916983912469
91.30144605116796,-0.5234738295086799,-0.7977335135862066,0.22116557479680998,0.05309410928071667
91.4349276974416,-0.5424293107660108,-0.7851672309151977,0.22492083116203687,0.017817088987150065
91.56840934371523,-0.3938421889061629,-0.766788452408819,0.23736458828941165,0.13558167521324443
91.70189098998887,-0.44592924341911633,-0.7477765442849297,0.23459511228363283,0.06725218858218052
91.8353726362625,-0.47315457037109526,-0.7316916296641306,0.23545828479904907,0.023078774493986265
91.96885428253614,-0.4365096005846926,-0.7136008997901049,0.22892761050859417,0.048163688696818086
92.1023359288098,-0.4174428530568155,-0.6975136504627838,0.23568770808955897,0.04438308931640933
92.23581757508343,-0.3531782192052896,-0.6763373253048219,0.23883932726065293,0.08431977883887942
92.36929922135707,-0.4843890835528888,-0.6601199476180598,0.23091341060433684,-0.05518254653916582
92.5027808676307,-0.44674303787710035,-0.6461986234533904,0.20943482230096205,-0.009979236724671992
92.63626251390434,-0.40549582461826694,-0.6332610847428188,0.2022734862762261,0.025491773848325794
92.76974416017798,-0.23160276638909333,-0.6144073208635278,0.21792712296579247,0.16487743150864198
92.90322580645162,-0.329332835240541,-0.5953551734619212,0.21418594204192187,0.051836396179458344
93.03670745272525,-0.3988356788657208,-0.5794026403603676,0.20089157668195318,-0.020324615187306383
93.17018909899889,-0.35716301020142677,-0.5652169962494865,0.18613667671448103,0.021917309333578716
93.30367074527253,-0.28632368913856215,-0.5459344920620673,0.19514922887196567,0.06446157405153952
93.43715239154616,-0.4357046756891669,-0.5305587048487936,0.18135035054268256,-0.0864963213830558
93.5706340378198,-0.45744877902897296,-0.5187729757566822,0.16214277082047024,-0.10081857409276096
93.70411568409344,-0.37823723909651846,-0.5057385026831892,0.12816051593163075,-0.0006592523449600041
93.83759733036707,-0.438315392350098,-0.49290642892755815,0.09975950544606299,-0.04516846886860282
93.97107897664071,-0.4460231152560928,-0.47949157111223556,0.07960358528925876,-0.046135129433115984
94.10456062291435,-0.5362510495532359,-0.47032506501507004,0.04485307357040624,-0.11077905810857208
94.23804226918799,-0.41066210984498464,-0.46201907537660414,0.018784452402451357,0.032572513129168146
94.37152391546162,-0.44457723642012714,-0.4528522360319252,0.008350104381920964,-7.51047701229024e-05
94.50500556173526,-0.5346940476302291,-0.44878603481894414,-0.006751135202668179,-0.07915687760861678
94.6384872080089,-0.5493309152346559,-0.4467770673820181,-0.03320205637361384,-0.06935179147902398
94.77196885428253,-0.7337840769113138,-0.45258232767086554,-0.06960660816493996,-0.21159514107550825
94.90545050055617,-0.5954594103749014,-0.4527046020058755,-0.0908323759897599,-0.05192243237926597
95.03893214682981,-0.6665562091606725,-0.4576754759889083,-0.10447652480778952,-0.10440420836397468
95.17241379310344,-0.6494904050776916,-0.46007934677767076,-0.13619098190941364,-0.05322007639060722
95.30589543937708,-0.6544478225730321,-0.46444514654648256,-0.16180669444815982,-0.02819598157838976
95.43937708565072,-0.7348445370877413,-0.4708589874238735,-0.18398578063612775,-0.07999976902774009
95.57285873192436,-0.8337331247085858,-0.48552201861728767,-0.20995163651041787,-0.1382594695808803
95.70634037819799,-0.7270197708784091,-0.49489170286593076,-0.19961562282850276,-0.03251244518397556
95.83982202447163,-0.8091215255769763,-0.5060906013727935,-0.21893988363622197,-0.0840910405679608
95.97330367074527,-0.7986851259564564,-0.5181631188851855,-0.2257429256660849,-0.05477908140518595
96.1067853170189,-0.8280219751840975,-0.5318490896227617,-0.23756146494370967,-0.05861142061762614
96.24026696329254,-0.823744928794263,-0.5475346466090607,-0.2460612088461578,-0.030149073339044485
96.37374860956618,-0.9519442362276844,-0.5631198183648872,-0.26149027982460893,-0.12733413803818827
96.50723025583981,-0.7491278658767546,-0.5731993126315424,-0.23932432001054915,0.06339576676533698
96.64071190211345,-0.814413441574955,-0.586829899863432,-0.2381785428781661,0.010595001166643137
96.77419354838709,-0.7691678513136099,-0.6047487360275826,-0.21455203896210606,0.0501329236760788
96.90767519466073,-0.7221575414239976,-0.6178428929003644,-0.19052537001325864,0.0862107214896255
97.04115684093436,-0.843656465605399,-0.6326702524583537,-0.17793150908688382,-0.03305470406016142
97.174638487208,-0.9563156600664291,-0.6526420074538539,-0.17689842998740746,-0.12677522262516772
97.30812013348165,-0.9041935521091059,-0.673237669552872,-0.14948124158573528,-0.08147464097049861
97.44160177975529,-0.9247507601047598,-0.6895392057000583,-0.15826869032826396,-0.07694286407643747
97.57508342602893,-0.8837715358000665,-0.7037499642590948,-0.15396623094424344,-0.026055340596728316
97.70856507230256,-0.8499167779673555,-0.7194726155547894,-0.14977914059908393,0.01933497818651775
97.8420467185762,-0.9757487871311074,-0.7373870620474896,-0.16809201492168513,-0.07026971016193262
97.97552836484984,-0.836048211924615,-0.7503878986031071,-0.1540042849830986,0.06834397166159067
98.10901001112347,-0.9484244531680339,-0.7641270120569337,-0.13913785625807273,-0.04515958485302751
98.24249165739711,-0.8415593427718818,-0.7784902531544968,-0.11582687096947741,0.052757781352092414
98.37597330367075,-0.8681177325661236,-0.7926082696926967,-0.09361842192575809,0.01810895905233123
98.50945494994438,-0.8832083029417446,-0.804225411536414,-0.08192081824513775,0.0029379268398072034
98.64293659621802,-0.872443613034083,-0.8149958347963949,-0.07436851428040347,0.01692073604271538
98.77641824249166,-0.9050646055800404,-0.8207051857520191,-0.05856142310319834,-0.02579799672482297
98.9098998887653,-0.9150897292154493,-0.8313595297133708,-0.059198724469108566,-0.02453147503296993
99.04338153503893,-0.9860979188849831,-0.8420109200375144,-0.05392925781881486,-0.09015774102865382
99.17686318131257,-0.8948888551122819,-0.8501908683720008,-0.05336781124724299,0.008669824506961854
99.3103448275862,-0.7915832862726764,-0.8547620504953223,-0.03786313679628617,0.10104190101893207
99.44382647385984,-0.7939298237814677,-0.8567315600517798,-0.023139558788360493,0.08594129505867254
99.57730812013348,-0.8451258437265831,-0.8571113173523798,-0.018857263015260584,0.0308427366410573
99.71078976640712,-0.8949604456047862,-0.8627093398432588,-0.01181578909934522,-0.020435316662182124
99.84427141268075,-0.9919126009155042,-0.8688023756878765,-0.0166974492118781,-0.1064127760157495
99.97775305895439,-0.8798356588155917,-0.8715073934498477,0.001187891417149034,-0.00951615678289297
100.11123470522803,-0.9858045340876382,-0.8767668120799657,-0.00654064409206967,-0.10249707791560292
100.24471635150167,-1.0034411761071438,-0.8827566869903951,-0.030816182015135585,-0.08986830710161309
100.3781979977753,-1.03434618102938,-0.8855034184837849,-0.062414644414304665,-0.08642811813129037
100.51167964404894,-1.029449466722591,-0.8948474718453129,-0.07940253719506352,-0.05519945768221468
100.64516129032258,-1.0795280980430522,-0.903684627060916,-0.0969321894706412,-0.07891128151149496
100.77864293659621,-1.07705264838108,-0.9139474536298317,-0.09883222682537929,-0.06427296792586912
100.91212458286985,-1.1556727185870954,-0.9283979595352683,-0.12378701517301471,-0.10348774387881243
101.04560622914349,-1.1313379007028754,-0.9379873407051842,-0.13498811494813268,-0.058362445049558564
101.17908787541712,-0.9899404758681244,-0.939108167898574,-0.13193861629202597,0.08110630832247556
101.31256952169076,-1.1481214586138107,-0.9472390981153975,-0.1400612971586923,-0.060821063339720816
101.4460511679644,-1.1745357229916111,-0.9555652635449593,-0.15246173976756217,-0.06650871967908967
101.57953281423804,-1.1434278557453346,-0.9642204742098015,-0.15293506591733164,-0.026272315618201425
101.71301446051167,-1.1467132747778115,-0.97411369077015,-0.152993367413659,-0.019606216594002523
101.84649610678531,-1.2683345094106382,-0.9838665481794677,-0.1593350515505616,-0.12513290968060886
101.97997775305895,-1.224536868665562,-0.9968161700708327,-0.1596995679395803,-0.06802113065514903
102.11345939933258,-1.1657293885043125,-1.0040596679153753,-0.1775687719002077,0.01589905131127045
102.24694104560622,-1.2113196391892727,-1.0163850111292883,-0.17427174019707503,-0.020662887862909374
102.38042269187986,-1.2247071841605006,-1.0282713261824343,-0.16955277673948443,-0.026883081238581852
102.51390433815351,-1.1410151228876684,-1.0368648868472983,-0.16061453995209685,0.05646430391172674
102.64738598442715,-1.2747812999106403,-1.0502761430765168,-0.165498715884711,-0.05900644094941243
102.78086763070078,-1.226570167812258,-1.0609929951509243,-0.14881552929624942,-0.016761643365084344
102.91434927697442,-1.2576794026288798,-1.0724126509313718,-0.14213052122484715,-0.0431362304726608
103.04783092324806,-1.1295052375023409,-1.0771928948852836,-0.13217539855636784,0.07986305593931053
103.1813125695217,-1.3260024998735405,-1.091563349710659,-0.1341882095430309,-0.10025094061985063
103.31479421579533,-1.2366246806318557,-1.106398062855965,-0.12105599589363258,-0.009170621882258034
103.44827586206897,-1.2133139695753123,-1.1203775343824265,-0.11740493103683458,0.024468495843948723
103.5817575083426,-1.1246138165717716,-1.1296938001439327,-0.08663616765549009,0.0917161512276512
103.71523915461624,-1.1087389590835235,-1.1368197505932238,-0.06267718738780825,0.09075797889750858
103.84872080088988,-1.0400579033864084,-1.1384245940089208,-0.02998355836604394,0.1283502489885564
103.98220244716352,-1.1949885021341606,-1.1489296887862066,-0.028833215679017865,-0.017225597668936166
104.11568409343715,-1.0305949928556783,-1.1504227040784742,0.014860872044372808,0.10496683917842309
104.24916573971079,-1.0667909990195688,-1.152534364842222,0.04123448732416146,0.04450887849849172
104.38264738598443,-1.0614041107500336,-1.1534362958329105,0.06383782671846117,0.02819435836441575
104.51612903225806,-0.9602859313758203,-1.1511308446546846,0.08500778771108553,0.1058371255677788
104.6496106785317,-1.018210910007694,-1.1490869383868396,0.09589645988264484,0.03497956849650086
104.78309232480534,-1.0573424990553577,-1.1484299334093153,0.09277022695241333,-0.001682792598455718
104.91657397107898,-0.9242848932283136,-1.1407170058973561,0.12372924356986092,0.09270286909918157
105.05005561735261,-0.9611368315936613,-1.1350436369270487,0.12797846906555588,0.04592833626783155
105.18353726362625,-0.8794913570205803,-1.1313619996321307,0.1510539234847792,0.10081671912677115
105.31701890989989,-0.7878618393259366,-1.1193533456558682,0.17812273685481628,0.15336876947511535
105.45050055617352,-0.7615632777416664,-1.10558759748087,0.19274593919898286,0.1512783805402207
105.58398220244716,-0.6559313243963301,-1.0893377131025699,0.22825028133659186,0.20515610736964796
105.7174638487208,-0.7349103638882565,-1.0756109494062513,0.2605852512355735,0.08011533428242135
105.85094549499443,-0.7878134565001821,-1.059593580975903,0.26406380233781535,0.007716322137905518
105.98442714126807,-0.7153124753798138,-1.0426194345330446,0.28220742106836383,0.045099538084867
106.11790878754171,-0.7006265624969737,-1.0271160069994667,0.2922561070381583,0.03423333746433466
106.25139043381535,-0.695544429696256,-1.009923500016366,0.28825180143072615,0.02612726888938388
106.38487208008898,-0.5749462264286777,-0.9882648014253054,0.293252681598664,0.1200658933979637
106.51835372636262,-0.6200205356616407,-0.9708983151844378,0.28101630803418054,0.06986147148861654
106.65183537263626,-0.6818706130532699,-0.9511346256225255,0.2688297257344092,0.00043428683484636466
106.7853170189099,-0.5050312735112258,-0.9270833291458244,0.28517588397041616,0.13687617166418242
106.91879866518353,-0.5388361903150809,-0.9031218887353645,0.2864253414263467,0.0778603569939369
107.05228031145717,-0.4976946483109053,-0.8820615357623165,0.2943552619084514,0.09001162554295977
107.1857619577308,-0.5013079067274547,-0.8545717159907803,0.29461351684674386,0.058650292416581706
107.31924360400444,-0.45981013484338723,-0.8286778977978314,0.28516771173740785,0.08370005121703633
107.45272525027808,-0.4868980718764851,-0.8044640345412037,0.27997134330723106,0.03759461935748759
107.58620689655172,-0.40776968346460557,-0.7805692301042982,0.295233814525849,0.07756573211384366
107.71968854282535,-0.450363436851226,-0.7586233793632217,0.281097654736201,0.027162287775794658
107.853170189099,-0.44726807064713087,-0.7388637182719123,0.27441915359745594,0.017176494027325517
107.98665183537264,-0.4419788951714759,-0.7137633980398229,0.25727822667099925,0.014506276197347734
108.12013348164628,-0.5504283194347592,-0.6977578422591257,0.2342554690749729,-0.0869259462506064
108.25361512791991,-0.4698732314678096,-0.6778605833407336,0.21292062492452046,-0.004933273051596465
108.38709677419355,-0.4728476348636381,-0.6582420341445204,0.19530928101585676,-0.009914881734974457
108.52057842046719,-0.4422806135099974,-0.6409751902156596,0.17311230422336865,0.025582272482293555
108.65406006674083,-0.5336766935532136,-0.6248240496671771,0.14505926986031642,-0.0539119137463529
108.78754171301446,-0.3513381025850421,-0.6012905697848332,0.13523007112969948,0.1147223960700916
108.9210233592881,-0.4399999796831898,-0.5851477393333291,0.11936994289080766,0.025777816759331607
109.05450500556174,-0.5153202831532742,-0.5702871877186495,0.109524825030626,-0.05455792046525065
109.18798665183537,-0.540916916983489,-0.5590013730507465,0.08808991243191161,-0.0700054563646541
109.32146829810901,-0.45024875814296045,-0.5477476036779805,0.08006455401924245,0.017434291515777578
109.45494994438265,-0.43288392840741574,-0.5367916253668389,0.07045095929418393,0.03345673766523921
109.58843159065628,-0.46379519572416467,-0.5303870877444334,0.07402949279021404,-0.007437600769945263
109.72191323692992,-0.4073668474147848,-0.5194689705286509,0.05510726917018255,0.05699485394368359
109.85539488320356,-0.4425234587852648,-0.5079593039381537,0.043237105565103184,0.022198739587785732
109.9888765294772,-0.3610602690470941,-0.49615089706039645,0.05346584355965739,0.08162478445364496
110.12235817575083,-0.4266944390869105,-0.487019826280061,0.06065226962169029,-0.00032688242853978755
110.25583982202447,-0.3735804949607246,-0.4762876951222099,0.06087274748987287,0.041834452671612454
110.3893214682981,-0.2996292164017704,-0.46711046145464635,0.07073190125168721,0.09674934380118871
110.52280311457174,-0.19026563093533475,-0.4527852979637695,0.09548238987350038,0.16703727715493435
110.65628476084538,-0.3904456815538894,-0.4430711335804568,0.08818553489888697,-0.0355600828723196
110.78976640711902,-0.34261214867834056,-0.43765716275269395,0.09704460837211326,-0.0019995942977598657
110.92324805339265,-0.3493563116122946,-0.43134116679593437,0.09240060633461078,-0.010415751150970987
111.05672969966629,-0.23575405598728016,-0.4226098137184803,0.11094645084281818,0.07590930688838193
111.19021134593993,-0.3353380009090642,-0.41707748352453394,0.11087733408482336,-0.029137851469353604
111.32369299221357,-0.27912205466473217,-0.4110545475185788,0.1077839926127308,0.02414850024111581
111.4571746384872,-0.23560460132155608,-0.40267809850008107,0.09293054782477289,0.0741429493537521
111.59065628476084,-0.27667208145005884,-0.3983081784329296,0.1048139992010258,0.016822097781844958
111.72413793103448,-0.2600680981077112,-0.39196500047481236,0.11026282846728419,0.021634073899816975
111.85761957730811,-0.21659784353348044,-0.3842759929043574,0.12153931633665982,0.04613883303421712
111.99110122358175,-0.30047153600045484,-0.37955908093199003,0.1075770500766961,-0.02848950514516091
112.12458286985539,-0.2487042690110357,-0.36950161258453257,0.1098958291432427,0.010901514430254167
112.25806451612902,-0.17561889299762365,-0.3596931346355264,0.11487351714668056,0.06920072449122217
112.39154616240266,-0.1323092868454998,-0.3483418563682551,0.11827871237598872,0.09775385714676657
112.5250278086763,-0.1443806923883987,-0.3384118589975351,0.1272474848712202,0.06678368173791621
112.65850945494994,-0.23351555576525335,-0.32840648773793646,0.1210353339462584,-0.026144401973575288
112.79199110122357,-0.15068371489511803,-0.3217180081482723,0.12376315844778882,0.04727113480536543
112.92547274749721,-0.07277220034203845,-0.3094770821702339,0.14405070899238137,0.09265417283581408
113.05895439377086,-0.08727522238701932,-0.2952089134780254,0.15284383267503235,0.05508985841597375
113.1924360400445,-0.12748788161952843,-0.2814279456325601,0.14593872359786633,0.008001340415165314
113.32591768631814,-0.18036390481977058,-0.27243178385512046,0.1300776163955309,-0.03800973736018101
113.45939933259177,-0.09584045408054942,-0.26119700137755825,0.12577715367623288,0.03957939362077595
113.59288097886541,-0.1772581421317977,-0.25164576625781265,0.12426269193269524,-0.04987506780668027
113.72636262513905,-0.2236616957198339,-0.2455222612013143,0.10771376104409461,-0.08585319556261423
113.85984427141268,-0.21473018497375,-0.2379291520742638,0.0798409398267996,-0.056641972726285794
113.99332591768632,-0.09480561677531414,-0.22905399699853782,0.06989001412417437,0.06435836609904931
114.12680756395996,-0.18550107891979284,-0.22101421832630055,0.05356263583761364,-0.018049496431105927
114.2602892102336,-0.14792111363306898,-0.213492238948712,0.05067534091526815,0.014895784400374867
114.39377085650723,-0.26659776898598775,-0.21239119070151927,0.025180390538727088,-0.07938696882319557
114.52725250278087,-0.20332770799820998,-0.21282659327028178,0.021891569412287842,-0.012392684140216048
114.6607341490545,-0.3187061816775349,-0.21043527660773662,0.005922469041499678,-0.11419337411129796
114.79421579532814,-0.31606919368750874,-0.20955051144137554,-0.009439297369684074,-0.09707938487644913
114.92769744160178,-0.18223466525335857,-0.2039797898960777,-0.027499882983273993,0.049245007625993126
115.06117908787542,-0.3107304206690036,-0.20647900205213515,-0.042890576791389495,-0.061360841825478935
115.19466073414905,-0.41248553311880265,-0.20905058645912641,-0.0781139094537888,-0.12532103720588744
115.32814238042269,-0.4132303220622164,-0.21352086203904258,-0.09459114145619096,-0.10511831856698284
115.46162402669633,-0.4141209864212086,-0.21947140820903097,-0.11875392077520233,-0.0758956574369753
115.59510567296996,-0.3862078647995414,-0.22312260098734707,-0.12474582558574435,-0.03833943822644997
115.7285873192436,-0.5126782738848643,-0.23154294017991886,-0.14441249784993762,-0.13672283585500783
115.86206896551724,-0.6114336491504627,-0.2447041337004849,-0.1925654448861007,-0.17416407056387712
115.99555061179088,-0.5462733757836802,-0.25289752835992574,-0.21802104381447085,-0.0753548036092836
116.12903225806451,-0.5498294816799516,-0.2629350354488896,-0.22760410080567112,-0.05929034542539091
116.26251390433815,-0.56397345233148,-0.2758801874266848,-0.23619368172348504,-0.05189958318131016
116.39599555061179,-0.5097097883695698,-0.2884602041441538,-0.23726920814149627,0.01601962391608025
116.52947719688542,-0.5861056417945036,-0.3031843691243573,-0.25110186844628724,-0.031819404223859094
116.66295884315906,-0.5708381068216704,-0.31442845415957127,-0.24816633097347424,-0.00824332168862485
116.7964404894327,-0.6982010178947952,-0.33267903092622714,-0.2423110925988658,-0.12321089436970223
116.92992213570633,-0.5905250300918843,-0.34993745858455527,-0.2313743298417097,-0.00921324166561932
117.06340378197997,-0.5251891864632952,-0.3645345907204312,-0.21325715553202568,0.05260255978916173
117.19688542825361,-0.6108296025207315,-0.38064598141713796,-0.20383950057664052,-0.026344120526953008
117.33036707452725,-0.6461169381571151,-0.3961710825283828,-0.2078011351493309,-0.04214472047940143
117.46384872080088,-0.6541324275706241,-0.4147808149780519,-0.1989095149533932,-0.04044209763917894
117.59733036707452,-0.5561552803826557,-0.42741071958641386,-0.1841820637108862,0.05543750291464433
117.73081201334816,-0.7170760217745075,-0.4438578637882363,-0.17043134863473713,-0.10278680935153406
117.8642936596218,-0.664322135654136,-0.4588442621442492,-0.16598739393047435,-0.03949047957941243
117.99777530589543,-0.6245242572660613,-0.4765015501606074,-0.1625208303145113,0.014498123209057412
118.13125695216907,-0.6003854903276026,-0.4903310305408678,-0.14719933390666107,0.037144874119926286
118.2647385984427,-0.6627161399258258,-0.5074908647506263,-0.1324108142352899,-0.022814460939909575
118.39822024471636,-0.6082172735064587,-0.5188781815679753,-0.11446418969448868,0.025125097756005244
118.53170189098999,-0.6324187499371097,-0.5331812162992721,-0.11105593632811384,0.01181840269027623
118.66518353726363,-0.5966942482111709,-0.5424474851837265,-0.08459227122032564,0.030345508192881288
118.79866518353727,-0.5993093676645693,-0.5518888243162953,-0.06586339380353301,0.018442850455258952
118.9321468298109,-0.6468151776674215,-0.5673748413967641,-0.05356179392325855,-0.025878542347398836
119.06562847608454,-0.5661873049536891,-0.5758900708729201,-0.040161109393686334,0.04986387531291736
119.19911012235818,-0.4987444983894836,-0.5787653697152761,-0.013861290331852794,0.09388216165764535
119.33259176863181,-0.5958800120377596,-0.584853692714461,-0.006010501408568181,-0.0050158179147304915
119.46607341490545,-0.5390124419722029,-0.5890167412328274,0.011496305390499284,0.03850799387012527
119.59955506117909,-0.47170917114496846,-0.5918667847776751,0.03220135994480444,0.08795625368790216
119.73303670745273,-0.5633417231143116,-0.5935555664186566,0.03902837652153701,-0.008814533217192055
119.86651835372636,-0.4763772754175406,-0.5890536872942259,0.058874769147089334,0.05380164272959598
120.0,-0.5398695951467403,-0.5888402279396612,0.06242098262208873,-0.013450349829167818
