rmse,mae,r2,nse,kge,pbias,pearson_r,mape_pct,willmott_d,model,phase,target,task,accuracy,precision,recall,f1,auc,mcc,brier,csi,far,specificity,npv
2.4398696312395414,2.142728182204187,-6.336766388088883,-6.336766388088883,-13.400488805184992,-284.32918228029126,-0.03400587102001793,1186.0195254531657,0.35011294205814103,cnn_baseline_recursive,test_recursive,idx_30,reg,,,,,,,,,,,
2.164892184902278,1.8389279772851488,-5.592277686312415,-5.592277686312415,-8.691518854666782,-254.0953847238249,-0.049460965331582674,1205.997065166036,0.36226637594783995,cnn_baseline_recursive,test_recursive,idx_90,reg,,,,,,,,,,,
2.588559150878683,2.230641735720024,-4.921874726536023,-4.921874726536023,-67.08321387358747,-267.6057031149737,0.005761874511711842,1780.5533151222992,0.36693192737113844,cnn_baseline_recursive,valid_recursive,idx_30,reg,,,,,,,,,,,
2.444589581542784,1.9836761475719253,-3.702418814882149,-3.702418814882149,-46.161837896442215,-216.556772751782,-0.1337281658634438,971.1220198282497,0.38420905155059637,cnn_baseline_recursive,valid_recursive,idx_90,reg,,,,,,,,,,,
0.4292219860805768,0.31203432364334677,0.7729427532044395,0.7729427532044395,0.7381376871271627,2.050140612100815,0.8845074386368467,177.37986703223913,0.9256910166509051,extra_trees_recursive,test_recursive,idx_30,reg,,,,,,,,,,,
0.39442577657995004,0.28762378055779153,0.7811767187010633,0.7811767187010633,0.6823515838106857,6.6350947146221015,0.8867683326976488,165.38580811452158,0.9324807279428794,extra_trees_recursive,test_recursive,idx_90,reg,,,,,,,,,,,
0.45384205896142166,0.32549369658991767,0.81796600068195,0.81796600068195,-1.0348635663028318,-7.94096739652645,0.9188567929808439,303.57448868291766,0.9398033110735908,extra_trees_recursive,valid_recursive,idx_30,reg,,,,,,,,,,,
0.46092876806517513,0.3245703492322207,0.8328228093776118,0.8328228093776118,-1.4193259068593789,-11.047930689188458,0.936210016147081,168.10457837858468,0.9437652552485493,extra_trees_recursive,valid_recursive,idx_90,reg,,,,,,,,,,,
0.42491804610419376,0.3340320287213558,0.7774734680658335,0.7774734680658335,-0.7444508519820803,34.16217642874956,0.9479130167238112,136.60236772218187,0.9280579686498016,fusion_daily_stacking_recursive,test_recursive,idx_30,reg,,,,,,,,,,,
0.5556147318961996,0.42389512137908075,0.5657793708882588,0.5657793708882588,0.5688128040557411,-0.6791102668261828,0.7617513154612354,188.31686171288322,0.8248125688476117,fusion_daily_stacking_recursive,test_recursive,idx_90,reg,,,,,,,,,,,
0.37421979719757664,0.2887048618198102,0.8762353701828355,0.8762353701828355,-3.2017436150933474,16.49265886958456,0.9637734094319704,236.83296407709554,0.960288294495544,fusion_daily_stacking_recursive,valid_recursive,idx_30,reg,,,,,,,,,,,
0.7596177853975452,0.5866792949913435,0.5459542211569686,0.5459542211569686,-1.4975079036246806,-11.26368311439369,0.7650417093462655,251.34067811263122,0.8044258163096648,fusion_daily_stacking_recursive,valid_recursive,idx_90,reg,,,,,,,,,,,
0.3057470183450721,0.23046195709717587,0.8847884793341146,0.8847884793341146,0.2926508153341958,13.902384409838126,0.9479130173448558,123.79447254786722,0.9685714873168523,fusion_daily_stacking_recursive_regcal,test_recursive,idx_30,reg,,,,,,,,,,,
0.5526441723814087,0.4293404591041348,0.5704100259833841,0.5704100259833841,0.5783129437855474,8.053506437052867,0.7617513159342427,231.8866436221373,0.8611772645579495,fusion_daily_stacking_recursive_regcal,test_recursive,idx_90,reg,,,,,,,,,,,
0.2837186595736446,0.21962395032454557,0.9288591863864749,0.9288591863864749,0.9487678494129685,-6.239009784101628e-07,0.9637734102922612,242.50976853970437,0.981240609434236,fusion_daily_stacking_recursive_regcal,valid_recursive,idx_30,reg,,,,,,,,,,,
0.7259691676858311,0.580151481181909,0.5852888175256727,0.5852888175256727,0.667718806061806,-2.178557385077693e-07,0.765041709663695,328.8131054004966,0.8545721433552579,fusion_daily_stacking_recursive_regcal,valid_recursive,idx_90,reg,,,,,,,,,,,
0.7520471367967562,0.6081885742832758,0.3029537867344253,0.3029537867344253,0.41219344960761695,-4.5810738241784215,0.5639838457006209,264.79492803013665,0.707698024915115,fusion_meta_all_daily_recursive,test_recursive,idx_30,reg,,,,,,,,,,,
5.900659912391376,3.5015576959101895,-47.97383533334204,-47.97383533334204,-16.042276345195443,-429.0199698271642,0.13695230998989108,2707.858512552133,0.12732987011168584,fusion_meta_all_daily_recursive,test_recursive,idx_90,reg,,,,,,,,,,,
0.9381736004732819,0.7392610540375475,0.22212566066538408,0.22212566066538408,-5.4013503842869435,25.04258822202561,0.5170782757365547,263.15055765719035,0.66228754450149,fusion_meta_all_daily_recursive,valid_recursive,idx_30,reg,,,,,,,,,,,
4.597914110657906,2.9299184715350823,-15.63531780091893,-15.63531780091893,-37.2687090725817,175.27880936634747,0.01643526774668303,1791.5183893605683,0.19349681865082036,fusion_meta_all_daily_recursive,valid_recursive,idx_90,reg,,,,,,,,,,,
0.7668041454834537,0.6041682707183681,0.27532988419982585,0.27532988419982585,-0.37790000644236765,-24.555510370574055,0.5639838430386197,274.0013566307126,0.6698041881167511,fusion_meta_all_daily_recursive_regcal,test_recursive,idx_30,reg,,,,,,,,,,,
0.8663558018363597,0.7241153106671319,-0.05573646864185,-0.05573646864185,-0.7074447971176929,29.169965451238603,0.13695230892403748,107.72328008644382,0.2841855474429843,fusion_meta_all_daily_recursive_regcal,test_recursive,idx_90,reg,,,,,,,,,,,
0.9104809243747745,0.7064083221567491,0.26736994398134806,0.26736994398134806,0.3170455404401066,-1.2241392402020744e-06,0.5170782764536809,271.48920186514647,0.6328522317379558,fusion_meta_all_daily_recursive_regcal,valid_recursive,idx_30,reg,,,,,,,,,,,
1.1271627813271603,0.9225941556638442,0.0002701180430849659,0.0002701180430849659,-0.3909705834029249,3.8001813497420973e-08,0.01643526823093395,114.93207698906332,0.016089601742005577,fusion_meta_all_daily_recursive_regcal,valid_recursive,idx_90,reg,,,,,,,,,,,
0.20476918278221187,0.1453952930260013,0.9483226015730772,0.9483226015730772,0.81075961771215,3.6584941407090708,0.9743177285989529,67.52195311012824,0.9864986242355928,fusion_targetwise_blend_recursive,test_recursive,idx_30,reg,,,,,,,,,,,
0.3516843449017519,0.2666328771843341,0.8260321404403113,0.8260321404403113,0.39710773622749573,15.654584774531106,0.9187827493203641,135.64370016223705,0.952031020550785,fusion_targetwise_blend_recursive,test_recursive,idx_90,reg,,,,,,,,,,,
0.20438898327615093,0.14663869490888842,0.9630803142643416,0.9630803142643416,0.8886408547119864,-0.41376901904736524,0.9814543797006251,104.71382969718697,0.9903888431670639,fusion_targetwise_blend_recursive,valid_recursive,idx_30,reg,,,,,,,,,,,
0.38513051765376927,0.2850102143167372,0.8832853800833774,0.8832853800833774,0.2666227551564889,3.26083368486543,0.9484959538165338,147.00055621604537,0.964048529369354,fusion_targetwise_blend_recursive,valid_recursive,idx_90,reg,,,,,,,,,,,
0.32681651702507364,0.24350221870365726,0.8683625555545715,0.8683625555545715,0.5922980071457437,7.799463897733363,0.9342798112655961,118.46253103253676,0.9631624987559763,fusion_taskwise_recursive,test_recursive,idx_30,reg,,,,,,,,,,,
0.3516843449017519,0.2666328771843341,0.8260321404403113,0.8260321404403113,0.39710773622749573,15.654584774531106,0.9187827493203641,135.64370016223705,0.952031020550785,fusion_taskwise_recursive,test_recursive,idx_90,reg,,,,,,,,,,,
0.38137851772669634,0.2574467078683056,0.8714549131619143,0.8714549131619143,0.20642217355192327,-3.067846599303396,0.9360881686520638,264.704732781092,0.9623480673112641,fusion_taskwise_recursive,valid_recursive,idx_30,reg,,,,,,,,,,,
0.38513051765376927,0.2850102143167372,0.8832853800833774,0.8832853800833774,0.2666227551564889,3.26083368486543,0.9484959538165338,147.00055621604537,0.964048529369354,fusion_taskwise_recursive,valid_recursive,idx_90,reg,,,,,,,,,,,
0.32681651702507364,0.24350221870365726,0.8683625555545715,0.8683625555545715,0.5922980071457437,7.799463897733363,0.9342798112655961,118.46253103253676,0.9631624987559763,gbrt_multi_recursive,test_recursive,idx_30,reg,,,,,,,,,,,
0.3516843449017519,0.2666328771843341,0.8260321404403113,0.8260321404403113,0.39710773622749573,15.654584774531106,0.9187827493203641,135.64370016223705,0.952031020550785,gbrt_multi_recursive,test_recursive,idx_90,reg,,,,,,,,,,,
0.38137851772669634,0.2574467078683056,0.8714549131619143,0.8714549131619143,0.20642217355192327,-3.067846599303396,0.9360881686520638,264.704732781092,0.9623480673112641,gbrt_multi_recursive,valid_recursive,idx_30,reg,,,,,,,,,,,
0.38513051765376927,0.2850102143167372,0.8832853800833774,0.8832853800833774,0.2666227551564889,3.26083368486543,0.9484959538165338,147.00055621604537,0.964048529369354,gbrt_multi_recursive,valid_recursive,idx_90,reg,,,,,,,,,,,
0.2875000184033908,0.2004074505568826,0.898129789966866,0.898129789966866,0.6432922865955197,-5.137810853415873,0.9730031271390569,77.47366414062292,0.966589186658147,gru_daily_hybrid_recursive,test_recursive,idx_30,reg,,,,,,,,,,,
0.565642840131731,0.4123888337402699,0.549963709828635,0.549963709828635,0.15940607325117662,-19.86585939843549,0.7625049894437597,205.6931446905733,0.8347757326532834,gru_daily_hybrid_recursive,test_recursive,idx_90,reg,,,,,,,,,,,
0.3296449105497991,0.21850743594713876,0.9039636205277038,0.9039636205277038,-2.001330641792473,-11.759880298594114,0.9806461469808185,138.24169984574584,0.9687563339146249,gru_daily_hybrid_recursive,valid_recursive,idx_30,reg,,,,,,,,,,,
0.768174155848564,0.577885994623881,0.5356678263905942,0.5356678263905942,-4.047647628515884,-23.096489214921604,0.7692578831027411,256.0286963620192,0.8113033294274921,gru_daily_hybrid_recursive,valid_recursive,idx_90,reg,,,,,,,,,,,
0.2092589847437257,0.1506269007592813,0.9460315834657809,0.9460315834657809,0.8389025814835057,3.11394101052815,0.9730031272903172,77.13765292161504,0.9860296273618009,gru_daily_hybrid_recursive_regcal,test_recursive,idx_30,reg,,,,,,,,,,,
0.554805119852046,0.42339667437813255,0.5670438950301819,0.5670438950301819,0.6895230024292061,4.158365837350324,0.7625049897354943,225.22930724135955,0.8664638762617597,gru_daily_hybrid_recursive_regcal,test_recursive,idx_90,reg,,,,,,,,,,,
0.20826469259032013,0.1516227898112737,0.9616668659123869,0.9616668659123869,0.9726295203721658,1.1367979228461113e-06,0.9806461471460199,109.538885142372,0.9901373244951012,gru_daily_hybrid_recursive_regcal,valid_recursive,idx_30,reg,,,,,,,,,,,
0.720284896827602,0.5749611258761901,0.5917576923868846,0.5917576923868846,0.6736813803925479,1.4363371277105755e-06,0.7692578841886311,337.37828812821306,0.8577655960020796,gru_daily_hybrid_recursive_regcal,valid_recursive,idx_90,reg,,,,,,,,,,,
0.40431515893453585,0.28415824009608304,0.7985294847633397,0.7985294847633397,0.7567258274758824,3.9360035614909092,0.8943139621303079,178.83029935720452,0.9424098209155031,knn_recursive,test_recursive,idx_30,reg,,,,,,,,,,,
0.5164447128960054,0.35324113838451526,0.6248451037694174,0.6248451037694174,0.28398953171717034,18.323110581646354,0.8271632601223188,234.64542811273273,0.9028992523699071,knn_recursive,test_recursive,idx_90,reg,,,,,,,,,,,
0.39506256011155755,0.2661135440607057,0.8620649055671246,0.8620649055671246,-0.2404186760470719,-4.828867137442007,0.9338804327095146,220.48006642014823,0.9582071984455302,knn_recursive,valid_recursive,idx_30,reg,,,,,,,,,,,
0.5041800231029929,0.36062454875628247,0.7999766663998105,0.7999766663998105,-0.3461422110654391,-6.102639197799622,0.9005933450482596,204.84638731901578,0.9361038708215356,knn_recursive,valid_recursive,idx_90,reg,,,,,,,,,,,
24761.629076773326,13506.334423086068,-755665986.8700769,-755665986.8700769,-92043.67899769098,-1763453.1664341171,0.048583157246934634,11024376.002292423,3.242535712488781e-05,linear_lstsq_recursive,test_recursive,idx_30,reg,,,,,,,,,,,
33137.68651815792,19380.15022864958,-1544569012.421238,-1544569012.421238,-102477.94897277748,-2562409.329182249,0.04951563306660529,14999999.68900152,2.1253875583160386e-05,linear_lstsq_recursive,test_recursive,idx_90,reg,,,,,,,,,,,
15841.02519591344,9600.852427578457,-221773472.4457149,-221773472.4457149,-156075.71806542913,611031.5406038071,-0.0790959203492546,4533756.058513701,5.404006418141538e-05,linear_lstsq_recursive,valid_recursive,idx_30,reg,,,,,,,,,,,
24937.957220508222,15273.366350852175,-489363015.46711063,-489363015.46711063,-196487.33140175577,897402.4425584112,-0.1115899585781874,9898343.388533821,3.233186224549378e-05,linear_lstsq_recursive,valid_recursive,idx_90,reg,,,,,,,,,,,
2.2366050210877133,1.8244700713376902,-5.165240731867766,-5.165240731867766,-0.6697793269259398,-3.862009850678424,0.14247158258938256,777.4859936548589,0.4214190638610963,lstm_baseline_recursive,test_recursive,idx_30,reg,,,,,,,,,,,
1.1856423579957291,1.0364564998753487,-0.9772899563004156,-0.9772899563004156,-3.7228040194078194,124.10524686517833,0.5974312861077223,590.4362198587404,0.6272674063581635,lstm_baseline_recursive,test_recursive,idx_90,reg,,,,,,,,,,,
2.7485261671475687,2.181803233674801,-5.676406649609973,-5.676406649609973,-34.93025547873593,-141.11902655799204,0.061112474899855836,2063.5201079078092,0.3706325742880888,lstm_baseline_recursive,valid_recursive,idx_30,reg,,,,,,,,,,,
1.0029012825074142,0.8277372637159472,0.20854583900846246,0.20854583900846246,-10.267951078474892,51.71759151657217,0.6339168457226235,398.97630098056067,0.7346921329480458,lstm_baseline_recursive,valid_recursive,idx_90,reg,,,,,,,,,,,
0.39553076676031856,0.2962686587343295,0.807188918658065,0.807188918658065,0.885086497270006,0.6849788341553724,0.9001241891651721,124.6941942103055,0.9471242974243943,multitask_elasticnet_recursive,test_recursive,idx_30,reg,,,,,,,,,,,
0.44010946163042775,0.33185991292148187,0.7275515395895477,0.7275515395895477,0.7455797846954306,5.591384080250515,0.8616957142933084,182.68538628793323,0.9258753831361016,multitask_elasticnet_recursive,test_recursive,idx_90,reg,,,,,,,,,,,
0.4187327999953575,0.3127956751030592,0.845040933513687,0.845040933513687,-0.725342416939041,-6.767377246328502,0.9207964703953317,350.54130509588896,0.9562697555615292,multitask_elasticnet_recursive,valid_recursive,idx_30,reg,,,,,,,,,,,
0.49922681520027173,0.3827322676668336,0.8038875330408265,0.8038875330408265,-0.5578145274308373,-7.120151397794246,0.8985858101523378,197.88960828234514,0.9420506253833634,multitask_elasticnet_recursive,valid_recursive,idx_90,reg,,,,,,,,,,,
0.46233332025411344,0.36115631374264157,0.7365599282063365,0.7365599282063365,0.7308417456902098,4.549315790675554,0.8647199950440456,159.4307448829417,0.9274288998485762,multitask_lasso_recursive,test_recursive,idx_30,reg,,,,,,,,,,,
0.5342015938656143,0.4119930240218343,0.5986037540456766,0.5986037540456766,0.6461949996127488,7.7878386054626985,0.8067185573472004,228.98904065441852,0.8949902483520445,multitask_lasso_recursive,test_recursive,idx_90,reg,,,,,,,,,,,
0.4770218635911584,0.3691203252216735,0.7988965141666359,0.7988965141666359,0.013059711244627459,-3.8472701931003823,0.8949339667735933,414.8857195510658,0.9432631222574084,multitask_lasso_recursive,valid_recursive,idx_30,reg,,,,,,,,,,,
0.5741331986471406,0.45119170824571936,0.7406210584142248,0.7406210584142248,-0.05159889784928362,-4.775459777005147,0.8633784865679764,236.27142426267463,0.9254270554102412,multitask_lasso_recursive,valid_recursive,idx_90,reg,,,,,,,,,,,
1.019354404106492,0.8403657249148843,-0.28062464444924284,-0.28062464444924284,-1.508952942480454,43.314926416538626,-0.04060365129869537,254.0076322222585,0.30660926510510966,persistence_recursive,test_recursive,idx_30,reg,,,,,,,,,,,
0.8901631846790288,0.6987986832210876,-0.11455679798498619,-0.11455679798498619,-0.20319486086114535,2.0838476685429907,-0.0009570814940276984,212.46854143648991,0.26799151889991746,persistence_recursive,test_recursive,idx_90,reg,,,,,,,,,,,
1.1188571579161113,0.8321473578837352,-0.10634943471408675,-0.10634943471408675,-8.397236432139673,-36.63194188694846,0.06317155627106025,319.5842639160315,0.31873225423764784,persistence_recursive,valid_recursive,idx_30,reg,,,,,,,,,,,
1.1604717425068714,0.914948579244405,-0.05968926062231583,-0.05968926062231583,-1.7536312841395039,-11.422689244111208,0.055677704281564676,236.52902204002325,0.32146133734768323,persistence_recursive,valid_recursive,idx_90,reg,,,,,,,,,,,
0.8627504810982537,0.677689184317634,0.08263563026418175,0.08263563026418175,-1.7499717216099198,53.06218838066981,0.5329602844247406,173.2687077375224,0.6422378953860106,random_forest_recursive,test_recursive,idx_30,reg,,,,,,,,,,,
1.1612369310105837,0.9148088920397937,-0.896726125229476,-0.896726125229476,-3.3697361625858333,112.87105556170071,0.2806685472015568,396.55295525058,0.5230794858370087,random_forest_recursive,test_recursive,idx_90,reg,,,,,,,,,,,
0.9789569727843279,0.743263634848667,0.15302569108508735,0.15302569108508735,-0.8322134046672263,6.745523435206289,0.45050046713957886,220.42522209130874,0.6405129891449803,random_forest_recursive,valid_recursive,idx_30,reg,,,,,,,,,,,
1.0970132535102244,0.8819367110791694,0.053036712422451116,0.053036712422451116,-4.3540107312155705,24.295077994758515,0.3407479612801054,279.2633091922185,0.5573196344852129,random_forest_recursive,valid_recursive,idx_90,reg,,,,,,,,,,,
0.36914356630843914,0.2783691626223169,0.832056942617548,0.832056942617548,0.5819414543112604,8.064421749770789,0.9156602241683846,121.47652763102839,0.9545693753960791,ridge_recursive,test_recursive,idx_30,reg,,,,,,,,,,,
0.43772696681371287,0.32567994101589326,0.730493308210924,0.730493308210924,0.5293172652565239,11.905019382066936,0.8680225074284416,178.20104223524055,0.9273158008006529,ridge_recursive,test_recursive,idx_90,reg,,,,,,,,,,,
0.37795456206857475,0.28490581096518786,0.8737526668971615,0.8737526668971615,0.03777886176752843,-3.7615454296740394,0.9353033720288256,142.9223733955275,0.964770496442969,ridge_recursive,valid_recursive,idx_30,reg,,,,,,,,,,,
0.46766743556023793,0.3429010531084964,0.8278988969004966,0.8278988969004966,-0.006275636106192195,-4.566261976582244,0.9115157971895166,113.71092078399289,0.9487598209771374,ridge_recursive,valid_recursive,idx_90,reg,,,,,,,,,,,
2.6335110769370216,2.3989961140205067,-7.547551905060388,-7.547551905060388,-15.121249488858407,318.28950066707324,-0.11251623821236967,1196.7887655220761,0.33173239447252856,rnn_baseline_recursive,test_recursive,idx_30,reg,,,,,,,,,,,
1.6896213780200298,1.5400714954019388,-3.015519499124,-3.015519499124,-7.079968351626174,212.5733564981919,0.550432883146081,839.4721227740403,0.4986977756853702,rnn_baseline_recursive,test_recursive,idx_90,reg,,,,,,,,,,,
2.586916971920355,2.290449366075264,-4.914363448787208,-4.914363448787208,-67.3816585297188,268.76563823116186,-0.15313278354402324,2287.8496848045907,0.3591012068983279,rnn_baseline_recursive,valid_recursive,idx_30,reg,,,,,,,,,,,
1.6352172674202514,1.4231121252547412,-1.1040706691909636,-1.1040706691909636,-30.19515312752558,143.25061021025755,0.49917209973041365,670.9577846643726,0.5532563217664077,rnn_baseline_recursive,valid_recursive,idx_90,reg,,,,,,,,,,,
0.43022223665517456,0.31821392829430983,0.7718832605403243,0.7718832605403243,0.6080369499684596,2.380793376740969,0.9258796847814565,108.41228097597582,0.9119794465377287,tcn_daily_hybrid_recursive,test_recursive,idx_30,reg,,,,,,,,,,,
0.8291059297092839,0.6704375362410377,0.03309681699306899,0.03309681699306899,-1.4017042580937806,61.0472474965756,0.5534141538187461,284.70598740430063,0.6282091495569531,tcn_daily_hybrid_recursive,test_recursive,idx_90,reg,,,,,,,,,,,
0.48452208724492385,0.35068349460781545,0.7925228909938458,0.7925228909938458,-1.1307868119127091,-8.245423683165557,0.9479955334854578,257.10806836046265,0.9200981802138349,tcn_daily_hybrid_recursive,valid_recursive,idx_30,reg,,,,,,,,,,,
0.9124608992269204,0.7443460185313457,0.3448542627434674,0.3448542627434674,-4.791973412022285,26.465966114564914,0.6320436506634164,289.8225514850356,0.7041610767056568,tcn_daily_hybrid_recursive,valid_recursive,idx_90,reg,,,,,,,,,,,
0.3435938829677767,0.2583407731940712,0.8545002340181319,0.8545002340181319,0.7294815723914536,5.0787337157176085,0.9258796859277804,139.37643870661094,0.9607868418951192,tcn_daily_hybrid_recursive_regcal,test_recursive,idx_30,reg,,,,,,,,,,,
0.7311845358934904,0.582778143241162,0.24800155416125735,0.24800155416125735,-0.16518296028660218,26.672805624571218,0.5534141547699665,285.8617676759907,0.6829894509813896,tcn_daily_hybrid_recursive_regcal,test_recursive,idx_90,reg,,,,,,,,,,,
0.3385655644052472,0.25818299285327306,0.8986955328257159,0.8986955328257159,0.9264545696804413,1.956119564539372e-06,0.9479955341801841,329.6327551404685,0.9726670286985338,tcn_daily_hybrid_recursive_regcal,valid_recursive,idx_30,reg,,,,,,,,,,,
0.8735933886429517,0.6976850662819097,0.399479177736915,0.399479177736915,0.47963111617181253,-3.763095820388774e-06,0.6320436517647802,280.22351037883516,0.7433059915642624,tcn_daily_hybrid_recursive_regcal,valid_recursive,idx_90,reg,,,,,,,,,,,
,,,,,,,,,cnn_baseline_recursive,test_recursive,flash_label,cls,0.9631882202304738,0.19838056680161945,0.6049382716049383,0.2987804878048781,0.9562205846731008,0.33254191080049633,0.026022614609566685,0.17562724014336917,0.8016194331983806,0.9678936273714934,0.9946675554074321
,,,,,,,,,cnn_baseline_recursive,valid_recursive,flash_label,cls,0.9887676508344031,0.23863636363636365,0.875,0.37499999999999994,0.9852206829896907,0.45366215708506724,0.010006810871274483,0.23076923076923078,0.7613636363636364,0.9892074742268041,0.99951171875
,,,,,,,,,extra_trees_recursive,test_recursive,flash_label,cls,0.9134122919334187,0.045454545454545456,0.2839506172839506,0.07836456558773425,0.602815263239024,0.08526292328795539,0.08658770806658131,0.040780141843971635,0.9545454545454546,0.9216799091940976,0.98989898989899
,,,,,,,,,extra_trees_recursive,valid_recursive,flash_label,cls,0.9000320924261874,0.0,0.0,0.0,0.45175579896907214,-0.02027558074176568,0.09996790757381258,0.0,1.0,0.9035115979381443,0.995739392863483
,,,,,,,,,fusion_daily_stacking_recursive,test_recursive,flash_label,cls,0.9879961587708067,0.5681818181818182,0.30864197530864196,0.4,0.9579602303779375,0.4133474472542427,0.009441120407332044,0.25,0.4318181818181818,0.9969190854548403,0.9909735654416505
,,,,,,,,,fusion_daily_stacking_recursive,valid_recursive,flash_label,cls,0.9966302952503209,0.5517241379310345,0.6666666666666666,0.6037735849056604,0.9978320983676976,0.6048170330718803,0.002519632620625932,0.43243243243243246,0.4482758620689655,0.9979059278350515,0.9987103014670321
,,,,,,,,,fusion_daily_stacking_recursive_regcal,test_recursive,flash_label,cls,0.9879961587708067,0.5681818181818182,0.30864197530864196,0.4,0.9579602303779375,0.4133474472542427,0.009441120407332044,0.25,0.4318181818181818,0.9969190854548403,0.9909735654416505
,,,,,,,,,fusion_daily_stacking_recursive_regcal,valid_recursive,flash_label,cls,0.9966302952503209,0.5517241379310345,0.6666666666666666,0.6037735849056604,0.9978320983676976,0.6048170330718803,0.002519632620625932,0.43243243243243246,0.4482758620689655,0.9979059278350515,0.9987103014670321
,,,,,,,,,fusion_meta_all_daily_recursive,test_recursive,flash_label,cls,0.9897567221510883,0.8148148148148148,0.2716049382716049,0.4074074074074074,0.9710966574379363,0.4669891744375247,0.014351594165499184,0.2558139534883721,0.18518518518518517,0.9991892330144316,0.9905159942131491
,,,,,,,,,fusion_meta_all_daily_recursive,valid_recursive,flash_label,cls,0.9980744544287549,0.75,0.75,0.75,0.9985368341924399,0.7490335051546392,0.007809519909186348,0.6,0.25,0.9990335051546392,0.9990335051546392
,,,,,,,,,fusion_meta_all_daily_recursive_regcal,test_recursive,flash_label,cls,0.9897567221510883,0.8148148148148148,0.2716049382716049,0.4074074074074074,0.9710966574379363,0.4669891744375247,0.014351594165499184,0.2558139534883721,0.18518518518518517,0.9991892330144316,0.9905159942131491
,,,,,,,,,fusion_meta_all_daily_recursive_regcal,valid_recursive,flash_label,cls,0.9980744544287549,0.75,0.75,0.75,0.9985368341924399,0.7490335051546392,0.007809519909186348,0.6,0.25,0.9990335051546392,0.9990335051546392
,,,,,,,,,fusion_targetwise_blend_recursive,test_recursive,flash_label,cls,0.9897567221510883,0.8148148148148148,0.2716049382716049,0.4074074074074074,0.9710966574379363,0.4669891744375247,0.014351594165499184,0.2558139534883721,0.18518518518518517,0.9991892330144316,0.9905159942131491
,,,,,,,,,fusion_targetwise_blend_recursive,valid_recursive,flash_label,cls,0.9980744544287549,0.75,0.75,0.75,0.9985368341924399,0.7490335051546392,0.007809519909186348,0.6,0.25,0.9990335051546392,0.9990335051546392
,,,,,,,,,fusion_taskwise_recursive,test_recursive,flash_label,cls,0.9897567221510883,0.8148148148148148,0.2716049382716049,0.4074074074074074,0.9710966574379363,0.4669891744375247,0.014351594165499184,0.2558139534883721,0.18518518518518517,0.9991892330144316,0.9905159942131491
,,,,,,,,,fusion_taskwise_recursive,valid_recursive,flash_label,cls,0.9980744544287549,0.75,0.75,0.75,0.9985368341924399,0.7490335051546392,0.007809519909186348,0.6,0.25,0.9990335051546392,0.9990335051546392
,,,,,,,,,gbrt_multi_recursive,test_recursive,flash_label,cls,0.8924455825864277,0.08786610878661087,0.7777777777777778,0.15789473684210525,0.8358647280327188,0.2384034135936678,0.10755441741357234,0.08571428571428572,0.9121338912133892,0.8939516782876601,0.996745615621045
,,,,,,,,,gbrt_multi_recursive,valid_recursive,flash_label,cls,0.8976251604621309,0.026234567901234566,0.7083333333333334,0.050595238095238096,0.80334514604811,0.12310857743633839,0.10237483953786906,0.025954198473282442,0.9737654320987654,0.8983569587628866,0.9987464183381088
,,,,,,,,,gru_daily_hybrid_recursive,test_recursive,flash_label,cls,0.9865556978233034,0.47692307692307695,0.38271604938271603,0.4246575342465753,0.9427238167306271,0.4205311094727017,0.010384224141675303,0.26956521739130435,0.5230769230769231,0.9944867844981352,0.9919133106906033
,,,,,,,,,gru_daily_hybrid_recursive,valid_recursive,flash_label,cls,0.9953465982028241,0.4444444444444444,0.8333333333333334,0.5797101449275363,0.995899108676976,0.6066666338191676,0.0033527748459040016,0.40816326530612246,0.5555555555555556,0.9959729381443299,0.9993534831097463
,,,,,,,,,gru_daily_hybrid_recursive_regcal,test_recursive,flash_label,cls,0.9865556978233034,0.47692307692307695,0.38271604938271603,0.4246575342465753,0.9427238167306271,0.4205311094727017,0.010384224141675303,0.26956521739130435,0.5230769230769231,0.9944867844981352,0.9919133106906033
,,,,,,,,,gru_daily_hybrid_recursive_regcal,valid_recursive,flash_label,cls,0.9953465982028241,0.4444444444444444,0.8333333333333334,0.5797101449275363,0.995899108676976,0.6066666338191676,0.0033527748459040016,0.40816326530612246,0.5555555555555556,0.9959729381443299,0.9993534831097463
,,,,,,,,,knn_recursive,test_recursive,flash_label,cls,0.8943661971830986,0.0593607305936073,0.48148148148148145,0.10569105691056911,0.6906353410326168,0.14060004642471888,0.1056338028169014,0.055793991416309016,0.9406392694063926,0.8997892005837522,0.9924879270255769
,,,,,,,,,knn_recursive,valid_recursive,flash_label,cls,0.8865532734274711,0.018335684062059238,0.5416666666666666,0.0354706684856753,0.7147766323024054,0.08378916448184048,0.11344672657252888,0.018055555555555554,0.9816643159379408,0.8878865979381443,0.9980083288068079
,,,,,,,,,linear_lstsq_recursive,test_recursive,flash_label,cls,0.24695902688860435,0.016924362724613454,1.0,0.033285391411547155,0.6185341332900924,0.06334216079435881,0.7530409731113956,0.016924362724613454,0.9830756372753865,0.23706826658018484,1.0
,,,,,,,,,linear_lstsq_recursive,valid_recursive,flash_label,cls,0.7424582798459564,0.00870105655686762,0.5833333333333334,0.017146356399265157,0.6632033934707906,0.04619560791598036,0.25754172015404364,0.008647313156269302,0.9912989434431324,0.7430734536082474,0.9978369024443002
,,,,,,,,,lstm_baseline_recursive,test_recursive,flash_label,cls,0.9721510883482715,0.08108108108108109,0.1111111111111111,0.09375,0.8204301269000474,0.08098415359371365,0.02402259066086817,0.04918032786885246,0.918918918918919,0.9834603534944057,0.9882678833306175
,,,,,,,,,lstm_baseline_recursive,valid_recursive,flash_label,cls,0.9813863928112966,0.11666666666666667,0.5833333333333334,0.19444444444444445,0.8334272981099657,0.25521957621439617,0.01667426113604825,0.1076923076923077,0.8833333333333333,0.9829252577319587,0.9983638743455497
,,,,,,,,,multitask_elasticnet_recursive,test_recursive,flash_label,cls,0.8719590268886044,0.028833551769331587,0.2716049382716049,0.052132701421800945,0.5757246355051878,0.05232341554781915,0.12804097311139565,0.0267639902676399,0.9711664482306684,0.8798443327387708,0.9892433910665451
,,,,,,,,,multitask_elasticnet_recursive,valid_recursive,flash_label,cls,0.8713093709884467,0.014962593516209476,0.5,0.029055690072639227,0.6863724226804123,0.06894551538560592,0.1286906290115533,0.014742014742014743,0.9850374064837906,0.8727448453608248,0.9977900552486187
,,,,,,,,,multitask_lasso_recursive,test_recursive,flash_label,cls,0.8637964148527529,0.01875,0.18518518518518517,0.0340522133938706,0.5289473842254773,0.01959996347421419,0.13620358514724712,0.017321016166281754,0.98125,0.8727095832657694,0.987885462555066
,,,,,,,,,multitask_lasso_recursive,valid_recursive,flash_label,cls,0.8740372272143774,0.00648508430609598,0.20833333333333334,0.012578616352201259,0.5424720790378007,0.01597907789572288,0.1259627727856226,0.006329113924050633,0.993514915693904,0.876610824742268,0.9965207837392419
,,,,,,,,,persistence_recursive,test_recursive,flash_label,cls,0.9870358514724712,0.0,0.0,0.0,0.5,0.0,0.012964148527528809,0.0,0.0,1.0,0.9870358514724712
,,,,,,,,,persistence_recursive,valid_recursive,flash_label,cls,0.9961489088575096,0.0,0.0,0.0,0.5,0.0,0.0038510911424903724,0.0,0.0,1.0,0.9961489088575096
,,,,,,,,,random_forest_recursive,test_recursive,flash_label,cls,0.9870358514724712,0.0,0.0,0.0,0.5,0.0,0.012964148527528809,0.0,0.0,1.0,0.9870358514724712
,,,,,,,,,random_forest_recursive,valid_recursive,flash_label,cls,0.9961489088575096,0.0,0.0,0.0,0.5,0.0,0.0038510911424903724,0.0,0.0,1.0,0.9961489088575096
,,,,,,,,,ridge_recursive,test_recursive,flash_label,cls,0.8809218950064021,0.062087186261558784,0.5802469135802469,0.11217183770883056,0.7325590008147708,0.16123858215262327,0.11907810499359796,0.05941845764854614,0.9379128137384413,0.8848710880492946,0.9938080495356038
,,,,,,,,,ridge_recursive,valid_recursive,flash_label,cls,0.8663350449293966,0.014405762304921969,0.5,0.028004667444574097,0.6838756443298968,0.06693550029574342,0.13366495507060333,0.014201183431952662,0.985594237695078,0.8677512886597938,0.997777366178922
,,,,,,,,,rnn_baseline_recursive,test_recursive,flash_label,cls,0.9863956466069143,0.3888888888888889,0.08641975308641975,0.1414141414141414,0.7821759384377622,0.17863011379202237,0.011729624301414153,0.07608695652173914,0.6111111111111112,0.9982163126317496,0.9881219903691814
,,,,,,,,,rnn_baseline_recursive,valid_recursive,flash_label,cls,0.9956675224646984,0.0,0.0,0.0,0.7906666129725086,-0.0013645241570015977,0.004123993729312815,0.0,1.0,0.9995167525773195,0.996147054101782
,,,,,,,,,tcn_daily_hybrid_recursive,test_recursive,flash_label,cls,0.9868758002560819,0.4897959183673469,0.2962962962962963,0.3692307692307692,0.9433103716115445,0.37476924383763627,0.010773233189088701,0.22641509433962265,0.5102040816326531,0.9959461650721583,0.9908049685433135
,,,,,,,,,tcn_daily_hybrid_recursive,valid_recursive,flash_label,cls,0.9963093709884467,0.52,0.5416666666666666,0.5306122448979592,0.9943688251718213,0.5288714399104387,0.0030529396736682706,0.3611111111111111,0.48,0.9980670103092784,0.9982278073143226
,,,,,,,,,tcn_daily_hybrid_recursive_regcal,test_recursive,flash_label,cls,0.9868758002560819,0.4897959183673469,0.2962962962962963,0.3692307692307692,0.9433103716115445,0.37476924383763627,0.010773233189088701,0.22641509433962265,0.5102040816326531,0.9959461650721583,0.9908049685433135
,,,,,,,,,tcn_daily_hybrid_recursive_regcal,valid_recursive,flash_label,cls,0.9963093709884467,0.52,0.5416666666666666,0.5306122448979592,0.9943688251718213,0.5288714399104387,0.0030529396736682706,0.3611111111111111,0.48,0.9980670103092784,0.9982278073143226
2.3023809080709094,1.9908280797446678,-5.964522037200648,-5.964522037200648,-11.046003829925887,-269.2122835020581,-0.0417334181758003,1196.0082953096007,0.3561896590029905,cnn_baseline_recursive,test_recursive,reg_macro,reg,,,,,,,,,,,
2.516574366210733,2.1071589416459746,-4.312146770709086,-4.312146770709086,-56.62252588501484,-242.08123793337785,-0.06398314567586598,1375.8376674752744,0.3755704894608674,cnn_baseline_recursive,valid_recursive,reg_macro,reg,,,,,,,,,,,
0.41182388133026343,0.29982905210056915,0.7770597359527514,0.7770597359527514,0.7102446354689242,4.342617663361459,0.8856378856672478,171.38283757338036,0.9290858722968922,extra_trees_recursive,test_recursive,reg_macro,reg,,,,,,,,,,,
0.4573854135132984,0.3250320229110692,0.8253944050297809,0.8253944050297809,-1.2270947365811053,-9.494449042857454,0.9275334045639625,235.83953353075117,0.9417842831610701,extra_trees_recursive,valid_recursive,reg_macro,reg,,,,,,,,,,,
0.4902663890001967,0.37896357505021827,0.6716264194770462,0.6716264194770462,-0.0878190239631696,16.741533080961688,0.8548321660925233,162.45961471753253,0.8764352687487067,fusion_daily_stacking_recursive,test_recursive,reg_macro,reg,,,,,,,,,,,
0.566918791297561,0.4376920784055769,0.7110947956699021,0.7110947956699021,-2.349625759359014,2.614487877595435,0.864407559389118,244.08682109486338,0.8823570554026043,fusion_daily_stacking_recursive,valid_recursive,reg_macro,reg,,,,,,,,,,,
0.4291955953632404,0.3299012081006554,0.7275992526587494,0.7275992526587494,0.4354818795598716,10.977945423445497,0.8548321666395493,177.84055808500227,0.914874375937401,fusion_daily_stacking_recursive_regcal,test_recursive,reg_macro,reg,,,,,,,,,,,
0.5048439136297378,0.39988771575322724,0.7570740019560738,0.7570740019560738,0.8082433277373873,-4.2087835845896604e-07,0.8644075599779781,285.6614369701005,0.9179063763947469,fusion_daily_stacking_recursive_regcal,valid_recursive,reg_macro,reg,,,,,,,,,,,
3.326353524594066,2.0548731350967326,-23.835440773303805,-23.835440773303805,-7.815041447793913,-216.8005218256713,0.35046807784525597,1486.326720291135,0.41751394751340043,fusion_meta_all_daily_recursive,test_recursive,reg_macro,reg,,,,,,,,,,,
2.768043855565594,1.8345897627863148,-7.706596070126773,-7.706596070126773,-21.33502972843432,100.16069879418654,0.2667567717416189,1027.3344735088795,0.42789218157615516,fusion_meta_all_daily_recursive,valid_recursive,reg_macro,reg,,,,,,,,,,,
0.8165799736599066,0.66414179069275,0.10979670777898792,0.10979670777898792,-0.5426724017800303,2.307227540332274,0.35046807598132856,190.86231835857822,0.4769948677798677,fusion_meta_all_daily_recursive_regcal,test_recursive,reg_macro,reg,,,,,,,,,,,
1.0188218528509674,0.8145012389102966,0.1338200310122165,0.1338200310122165,-0.03696252148140916,-5.930687133523267e-07,0.26675677234230744,193.2106394271049,0.3244709167399807,fusion_meta_all_daily_recursive_regcal,valid_recursive,reg_macro,reg,,,,,,,,,,,
0.27822676384198186,0.2060140851051677,0.8871773710066942,0.8871773710066942,0.6039336769698229,9.656539457620088,0.9465502389596585,101.58282663618265,0.9692648223931889,fusion_targetwise_blend_recursive,test_recursive,reg_macro,reg,,,,,,,,,,,
0.2947597504649601,0.2158244546128128,0.9231828471738595,0.9231828471738595,0.5776318049342377,1.4235323329090324,0.9649751667585795,125.85719295661616,0.977218686268209,fusion_targetwise_blend_recursive,valid_recursive,reg_macro,reg,,,,,,,,,,,
0.3392504309634128,0.25506754794399566,0.8471973479974414,0.8471973479974414,0.4947028716866197,11.727024336132235,0.9265312802929802,127.0531155973869,0.9575967596533806,fusion_taskwise_recursive,test_recursive,reg_macro,reg,,,,,,,,,,,
0.3832545176902328,0.2712284610925214,0.8773701466226458,0.8773701466226458,0.2365224643542061,0.09649354278101696,0.9422920612342989,205.85264449856868,0.9631982983403091,fusion_taskwise_recursive,valid_recursive,reg_macro,reg,,,,,,,,,,,
0.3392504309634128,0.25506754794399566,0.8471973479974414,0.8471973479974414,0.4947028716866197,11.727024336132235,0.9265312802929802,127.0531155973869,0.9575967596533806,gbrt_multi_recursive,test_recursive,reg_macro,reg,,,,,,,,,,,
0.3832545176902328,0.2712284610925214,0.8773701466226458,0.8773701466226458,0.2365224643542061,0.09649354278101696,0.9422920612342989,205.85264449856868,0.9631982983403091,gbrt_multi_recursive,valid_recursive,reg_macro,reg,,,,,,,,,,,
0.4265714292675609,0.30639814214857625,0.7240467498977505,0.7240467498977505,0.4013491799233482,-12.50183512592568,0.8677540582914083,141.5834044155981,0.9006824596557153,gru_daily_hybrid_recursive,test_recursive,reg_macro,reg,,,,,,,,,,,
0.5489095331991816,0.3981967152855099,0.719815723459149,0.719815723459149,-3.0244891351541785,-17.428184756757858,0.8749520150417798,197.13519810388254,0.8900298316710584,gru_daily_hybrid_recursive,valid_recursive,reg_macro,reg,,,,,,,,,,,
0.38203205229788584,0.28701178756870693,0.7565377392479814,0.7565377392479814,0.7642127919563559,3.636153423939237,0.8677540585129058,151.1834800814873,0.9262467518117803,gru_daily_hybrid_recursive_regcal,test_recursive,reg_macro,reg,,,,,,,,,,,
0.46427479470896105,0.3632919578437319,0.7767122791496357,0.7767122791496357,0.8231554503823568,1.2865675252783434e-06,0.8749520156673255,223.45858663529253,0.9239514602485903,gru_daily_hybrid_recursive_regcal,valid_recursive,reg_macro,reg,,,,,,,,,,,
0.4603799359152706,0.3186996892402991,0.7116872942663786,0.7116872942663786,0.5203576795965263,11.129557071568632,0.8607386111263133,206.73786373496864,0.922654536642705,knn_recursive,test_recursive,reg_macro,reg,,,,,,,,,,,
0.44962129160727526,0.31336904640849406,0.8310207859834675,0.8310207859834675,-0.2932804435562555,-5.465753167620814,0.9172368888788871,212.663226869582,0.9471555346335329,knn_recursive,valid_recursive,reg_macro,reg,,,,,,,,,,,
28949.657797465625,16443.242325867825,-1150117499.6456575,-1150117499.6456575,-97260.81398523423,-2162931.247808183,0.04904939515676996,13012187.84564697,2.68396163540241e-05,linear_lstsq_recursive,test_recursive,reg_macro,reg,,,,,,,,,,,
20389.49120821083,12437.109389215315,-355568243.9564128,-355568243.9564128,-176281.52473359247,754216.9915811091,-0.095342939463721,7216049.723523761,4.318596321345458e-05,linear_lstsq_recursive,valid_recursive,reg_macro,reg,,,,,,,,,,,
1.7111236895417212,1.4304632856065194,-3.071265344084091,-3.071265344084091,-2.1962916731668796,60.121618507249956,0.36995143434855243,683.9611067567996,0.5243432351096299,lstm_baseline_recursive,test_recursive,reg_macro,reg,,,,,,,,,,,
1.8757137248274915,1.504770248695374,-2.733930405300755,-2.733930405300755,-22.599103278605412,-44.70071752070994,0.3475146603112397,1231.248204444185,0.5526623536180673,lstm_baseline_recursive,valid_recursive,reg_macro,reg,,,,,,,,,,,
0.4178201141953731,0.3140642858279057,0.7673702291238063,0.7673702291238063,0.8153331409827183,3.138181457202944,0.8809099517292402,153.68979024911937,0.936499840280248,multitask_elasticnet_recursive,test_recursive,reg_macro,reg,,,,,,,,,,,
0.45897980759781465,0.3477639713849464,0.8244642332772567,0.8244642332772567,-0.6415784721849391,-6.943764322061375,0.9096911402738348,274.21545668911705,0.9491601904724463,multitask_elasticnet_recursive,valid_recursive,reg_macro,reg,,,,,,,,,,,
0.49826745705986386,0.3865746688822379,0.6675818411260066,0.6675818411260066,0.6885183726514793,6.168577198069126,0.835719276195623,194.2098927686801,0.9112095741003103,multitask_lasso_recursive,test_recursive,reg_macro,reg,,,,,,,,,,,
0.5255775311191495,0.4101560167336964,0.7697587862904303,0.7697587862904303,-0.01926959330232808,-4.311364985052765,0.8791562266707849,325.5785719068702,0.9343450888338247,multitask_lasso_recursive,valid_recursive,reg_macro,reg,,,,,,,,,,,
0.9547587943927603,0.7695822040679859,-0.19759072121711452,-0.19759072121711452,-0.8560739016707997,22.69938704254081,-0.020780366396361535,233.2380868293742,0.28730039200251356,persistence_recursive,test_recursive,reg_macro,reg,,,,,,,,,,,
1.1396644502114914,0.8735479685640701,-0.0830193476682013,-0.0830193476682013,-5.075433858139588,-24.027315565529832,0.059424630276312465,278.05664297802736,0.32009679579266553,persistence_recursive,valid_recursive,reg_macro,reg,,,,,,,,,,,
1.0119937060544186,0.7962490381787138,-0.40704524748264714,-0.40704524748264714,-2.5598539420978765,82.96662197118526,0.4068144158131487,284.9108314940512,0.5826586906115097,random_forest_recursive,test_recursive,reg_macro,reg,,,,,,,,,,,
1.0379851131472762,0.8126001729639182,0.10303120175376923,0.10303120175376923,-2.5931120679413984,15.520300714982401,0.3956242142098422,249.84426564176363,0.5989163118150966,random_forest_recursive,valid_recursive,reg_macro,reg,,,,,,,,,,,
0.403435266561076,0.3020245518191051,0.781275125414236,0.781275125414236,0.5556293597838922,9.984720565918863,0.891841365798413,149.83878493313446,0.940942588098366,ridge_recursive,test_recursive,reg_macro,reg,,,,,,,,,,,
0.4228109988144063,0.3139034320368421,0.850825781898829,0.850825781898829,0.015751612830668116,-4.163903703128142,0.9234095846091711,128.31664708976018,0.9567651587100532,ridge_recursive,valid_recursive,reg_macro,reg,,,,,,,,,,,
2.1615662274785254,1.9695338047112227,-5.281535702092194,-5.281535702092194,-11.10060892024229,265.4314285826326,0.21895832246685565,1018.1304441480581,0.4152150850789494,rnn_baseline_recursive,test_recursive,reg_macro,reg,,,,,,,,,,,
2.1110671196703032,1.8567807456650027,-3.009217058989086,-3.009217058989086,-48.78840582862219,206.0081242207097,0.1730196580931952,1479.4037347344815,0.4561787643323678,rnn_baseline_recursive,valid_recursive,reg_macro,reg,,,,,,,,,,,
0.6296640831822292,0.4943257322676738,0.40249003876669665,0.40249003876669665,-0.3968336540626605,31.714020436658284,0.7396469193001014,196.55913419013822,0.7700942980473409,tcn_daily_hybrid_recursive,test_recursive,reg_macro,reg,,,,,,,,,,,
0.6984914932359221,0.5475147565695806,0.5686885768686566,0.5686885768686566,-2.961380111967497,9.11027121569968,0.7900195920744371,273.46530992274916,0.8121296284597459,tcn_daily_hybrid_recursive,valid_recursive,reg_macro,reg,,,,,,,,,,,
0.5373892094306336,0.4205594582176166,0.5512508940896946,0.5512508940896946,0.2821493060524257,15.875769670144413,0.7396469203488734,212.6191031913008,0.8218881464382544,tcn_daily_hybrid_recursive_regcal,test_recursive,reg_macro,reg,,,,,,,,,,,
0.6060794765240994,0.4779340295675914,0.6490873552813154,0.6490873552813154,0.7030428429261268,-9.034881279247009e-07,0.7900195929724821,304.9281327596518,0.8579865101313982,tcn_daily_hybrid_recursive_regcal,valid_recursive,reg_macro,reg,,,,,,,,,,,
